month,cpi
2018-01-01,102.2
2018-02-01,97.9
2018-03-01,93.9
2018-04-01,94.9
2018-05-01,96.2
2018-06-01,96.7
2018-07-01,100.4
2018-08-01,104.3
2018-09-01,101.2
2018-10-01,110.9
2018-11-01,102.6
2018-12-01,98.8
2019-01-01,98.8
2019-02-01,101.5
2019-03-01,109.3
2019-04-01,117.8
2019-05-01,119.4
2019-06-01,105.6
2019-07-01,103.1
2019-08-01,106.2
2019-09-01,99.5
2019-10-01,95.2
2019-11-01,102.3
2019-12-01,110.4
2020-01-01,111.5
2020-02-01,107.2
2020-03-01,100.0
2020-04-01,103.6
2020-05-01,107.9
2020-06-01,103.3
2020-07-01,100.9
2020-08-01,95.4
2020-09-01,90.3
2020-10-01,101.0
2020-11-01,108.4
2020-12-01,113.4
2021-01-01,111.8
2021-02-01,117.5
2021-03-01,112.0
2021-04-01,106.2
2021-05-01,100.7
2021-06-01,101.9
2021-07-01,109.6
2021-08-01,109.6
2021-09-01,108.0
2021-10-01,104.8
2021-11-01,112.6
2021-12-01,115.3
2022-01-01,131.0
2022-02-01,119.1
2022-03-01,115.0
2022-04-01,112.2
2022-05-01,116.3
2022-06-01,114.8
2022-07-01,114.9
2022-08-01,118.4
2022-09-01,115.9
2022-10-01,130.8
2022-11-01,126.9
2022-12-01,137.5
2023-01-01,157.1
2023-02-01,154.4
2023-03-01,142.6
2023-04-01,128.0
2023-05-01,125.9
2023-06-01,123.8
2023-07-01,125.3
2023-08-01,128.8
2023-09-01,127.4
2023-10-01,130.8
2023-11-01,132.9
2023-12-01,136.7
2024-01-01,139.7
2024-02-01,147.0
2024-03-01,140.9
2024-04-01,136.1
2024-05-01,140.9
2024-06-01,142.3
2024-07-01,145.1
2024-08-01,141.7
2024-09-01,136.7
2024-10-01,135.1
2024-11-01,136.6
2024-12-01,143.9
2025-01-01,155.1
2025-02-01,152.2
2025-03-01,152.7
2025-04-01,139.9
2025-05-01,142.1
2025-06-01,141.3
2025-07-01,147.6
2025-08-01,154.5
2025-09-01,153.6
2025-10-01,152.3
2025-11-01,152.4
2025-12-01,165.5
2026-01-01,171.0
2026-02-01,156.2
2026-03-01,162.4
2026-04-01,160.5
2026-05-01,162.7
2026-06-01,160.9
2026-07-01,163.1
