Month,Date,Year,Diesel,reason
2024                    Note: Some records only span to 3 days,nan,,,unparsed
2023                 Note: Most records only span to 3 days,nan,,,unparsed
2022                 Note:  Most records span 3 days only,nan,,,unparsed
nan,nan,,,unparsed
2021                 Note:  Most records span 3 days only,nan,,,unparsed
2020                 Note:  Most records span 3 days only,nan,,,unparsed
2026-08-04,,,87.4,outside window
2026-08-11,,,83.9,outside window
2026-08-18,,,86.5,outside window
2026-08-25,,,88.5,outside window
2026-09-01,,,85.8,outside window
