week_start,diesel
2018-01-08,38.96
2018-01-30,42.75
2018-02-06,43.09
2018-02-20,40.54
2018-02-27,41.4
2018-04-03,43.65
2018-04-10,43.35
2018-04-17,43.9
2018-04-24,44.55
2018-05-02,45.25
2018-05-08,44.95
2018-05-15,46.15
2018-05-22,47.3
2018-05-29,47.65
2018-06-05,46.75
2018-06-13,46.15
2018-06-19,46.59
2018-06-26,45.69
2018-07-03,46.24
2018-07-10,46.59
2018-07-17,46.44
2018-07-24,45.25
2018-07-31,46.39
2018-08-07,46.295
2018-08-14,46.54
2018-08-22,46.54
2018-08-28,46.97
2018-09-11,48.8
2018-09-18,48.95
2018-09-25,49.15
2018-10-02,50.5
2018-10-09,51.95
2018-10-16,51.3
2018-10-30,54.2
2018-11-06,53.3
2018-11-13,51.3
2018-12-19,41.18
2018-12-25,40.18
2019-01-03,38.34
2019-01-08,38.45
2019-01-15,38.89
2019-01-22,41.7
2019-01-23,41.94
2019-01-29,43.9
2019-02-05,43.35
2019-02-12,43.9
2019-03-05,45.95
2019-03-12,45.89
2019-03-19,46.41
2019-03-26,46.51
2019-04-02,46.41
2019-04-09,46.6
2019-04-16,47.39
2019-04-23,47.39
2019-05-04,47.83
2019-05-07,47.15
2019-05-15,47.03
2019-05-29,46.94
2019-06-04,45.89
2019-06-11,43.64
2019-06-18,43.83
2019-06-25,44.38
2019-07-02,45.33
2019-07-09,44.93
2019-07-16,45.63
2019-08-06,45.58
2019-08-14,44.23
2019-08-22,44.08
2019-08-29,43.98
2019-09-03,43.88
2019-09-10,43.78
2019-09-17,44.63
2019-09-24,46.23
2019-10-01,45.83
2019-10-08,44.83
2019-10-15,44.73
2019-11-12,44.13
2019-11-27,43.78
2019-12-26,45.98
2020-01-21,43.41
2020-01-28,44.69
2020-02-04,44.21
2020-02-11,42.08
2020-02-18,42.08
2020-02-25,46.41
2020-03-03,42.11
2020-03-10,41.36
2020-03-17,37.11
2020-03-24,33.79
2020-03-31,33.18
2020-04-04,37.94
2020-04-07,32.91
2020-04-11,37.74
2020-04-14,32.94
2020-04-18,37.49
2020-04-25,37.03
2020-04-28,29.84
2020-05-05,29.04
2020-05-12,31.34
2020-05-19,31.9
2020-05-26,34.07
2020-06-02,34.01
2020-06-09,35.6
2020-06-16,36.39
2020-06-23,37.59
2020-06-30,37.95
2020-07-07,38.04
2020-07-14,38.32
2020-07-21,38.21
2020-07-28,38.4
2020-08-04,37.94
2020-08-11,37.74
2020-08-18,37.49
2020-08-25,37.03
2020-09-01,36.92
2020-09-08,36.37
2020-09-15,34.86
2020-09-22,34.45
2020-09-29,34.26
2020-10-06,33.78
2020-10-13,34.06
2020-10-20,34.04
2020-10-27,33.66
2020-11-03,32.48
2020-11-10,32.64
2020-11-17,33.63
2020-11-24,33.61
2020-12-01,34.06
2020-12-09,34.24
2020-12-25,35.59
2021-01-05,35.4
2021-01-12,36.29
2021-01-19,36.72
2021-01-26,36.55
2021-02-02,36.52
2021-02-09,37.46
2021-02-16,38.51
2021-02-23,39.01
2021-03-02,39.76
2021-03-09,39.18
2021-03-16,40.1
2021-03-23,39.82
2021-03-30,38.59
2021-04-06,38.46
2021-04-20,39.12
2021-04-27,39.34
2021-05-03,39.19
2021-05-11,40.11
2021-05-18,40.25
2021-05-25,40.49
2021-06-01,40.91
2021-06-08,41.33
2021-06-15,41.68
2021-06-22,42.27
2021-06-29,42.83
2021-07-06,42.77
2021-07-13,43.3
2021-07-21,43.66
2021-07-27,43.09
2021-08-03,43.82
2021-08-10,43.24
2021-08-17,42.95
2021-08-24,42.22
2021-08-31,42.69
2021-09-07,43.37
2021-09-14,43.84
2021-09-21,44.55
2021-09-28,45.44
2021-10-05,47.48
2021-10-12,49.01
2021-10-19,50.58
2021-10-26,50.97
2021-11-02,50.74
2021-11-09,50.04
2021-11-16,49.96
2021-11-23,48.75
2021-12-01,48.16
2021-12-07,45.86
2021-12-14,46.88
2021-12-21,47.25
2021-12-28,46.69
2022-01-04,49.01
2022-01-11,50.02
2022-01-18,51.56
2022-01-25,53.38
2022-02-02,54.24
2022-02-08,55.3
2022-02-15,56.3
2022-02-22,56.92
2022-03-02,57.66
2022-03-08,58.4
2022-03-15,74.5
2022-03-22,64.81
2022-03-29,72.58
2022-04-05,70.57
2022-04-12,70.16
2022-04-18,71.79
2022-04-26,75.75
2022-05-03,74.76
2022-05-10,78.6
2022-05-17,75.76
2022-05-24,73.46
2022-05-31,74.89
2022-06-07,81.25
2022-06-14,85.38
2022-06-21,88.5
2022-06-28,90.03
2022-07-05,86.71
2022-07-12,80.61
2022-07-19,78.8
2022-07-26,76.95
2022-08-02,75.9
2022-08-09,74.13
2022-08-16,72.52
2022-08-23,74.93
2022-08-30,79.46
2022-09-13,78.05
2022-09-20,73.59
2022-09-27,71.9
2022-10-04,70.89
2022-10-11,74.01
2022-10-18,78.36
2022-10-25,77.51
2022-11-02,76.17
2022-11-08,76.11
2022-11-15,75.69
2022-11-28,69.45
2022-12-06,67.06
2022-12-20,66.29
2022-12-27,65.76
2023-01-02,57.22
2023-01-03,67.57
2023-01-10,64.03
2023-01-17,64.4
2023-01-24,66.38
2023-01-31,66.92
2023-02-07,63.64
2023-02-14,61.44
2023-02-21,61.69
2023-02-28,60.33
2023-03-07,61.65
2023-03-14,60.78
2023-03-21,58.59
2023-03-28,57.12
2023-04-04,57.52
2023-04-11,59.12
2023-04-18,58.27
2023-04-24,57.62
2023-05-02,55.97
2023-05-09,53.32
2023-05-16,54.4
2023-05-23,54.9
2023-05-30,55.0
2023-06-06,54.38
2023-06-20,55.35
2023-06-27,55.98
2023-07-04,53.24
2023-07-11,54.7
2023-07-18,57.28
2023-07-25,57.39
2023-08-01,59.45
2023-08-08,63.56
2023-08-11,64.03
2023-08-22,64.16
2023-08-29,64.36
2023-09-05,65.42
2023-09-12,65.46
2023-09-19,67.56
2023-09-26,67.27
2023-10-03,67.45
2023-10-10,65.14
2023-10-17,64.05
2023-10-24,65.22
2023-10-31,63.88
2023-11-07,62.7
2023-11-14,59.53
2023-11-21,58.74
2023-11-28,59.01
2023-12-05,58.6
2023-12-12,56.45
2023-12-19,56.34
2023-12-26,57.8
2024-01-09,57.15
2024-01-16,57.91
2024-01-23,58.35
2024-02-06,59.72
2024-02-13,59.12
2024-02-20,60.0
2024-02-27,58.91
2024-03-05,60.15
2024-03-12,59.5
2024-03-19,59.4
2024-03-26,60.8
2024-04-02,56.35
2024-04-09,57.9
2024-04-16,58.85
2024-04-23,57.9
2024-04-30,57.45
2024-05-07,55.65
2024-05-14,55.15
2024-05-21,55.4
2024-05-28,55.8
2024-06-04,56.4
2024-06-11,55.2
2024-06-18,57.35
2024-06-25,56.4
2024-07-02,58.2
2024-07-09,58.85
2024-07-16,56.6
2024-07-23,56.2
2024-07-30,55.05
2024-08-06,56.0
2024-08-13,56.75
2024-08-20,57.95
2024-08-27,52.25
2024-09-03,52.55
2024-09-10,50.05
2024-09-17,48.75
2024-09-24,52.1
2024-10-01,53.0
2024-10-08,51.05
2024-10-15,53.75
2024-10-22,54.15
2024-10-29,54.65
2024-11-05,55.4
2024-11-12,53.15
2024-11-19,56.15
2024-11-26,56.75
2024-12-01,
2024-12-10,52.2
2024-12-17,53.9
2024-12-24,55.35
2024-12-31,54.95
2025-01-07,58.65
2025-01-14,59.05
2025-01-21,57.7
2025-01-28,60.15
2025-02-04,59.0
2025-02-11,58.9
2025-02-18,59.7
2025-02-25,55.8
2025-03-04,55.0
2025-03-11,55.89
2025-03-18,55.69
2025-03-25,
2025-04-01,53.2
2025-04-08,56.45
2025-04-15,53.55
2025-04-22,54.85
2025-04-29,51.5
2025-05-06,53.15
2025-05-13,51.79
2025-05-20,53.05
2025-05-27,
2025-06-03,
2025-06-10,53.69
2025-06-17,55.05
2025-06-26,60.14
2025-07-01,55.95
2025-07-08,58.24
2025-07-15,58.25
2025-07-22,55.55
2025-07-29,55.67
2025-08-05,56.52
2025-08-12,51.9
2025-08-19,
2025-08-26,51.1
2025-09-02,52.9
2025-09-09,54.3
2025-09-16,52.9
2025-09-23,53.2
2025-09-30,54.1
2025-10-07,53.85
2025-10-14,53.85
2025-10-21,
2025-10-27,52.8
2025-11-04,61.29
2025-11-11,59.0
2025-11-18,60.2
2025-11-25,58.9
2025-12-02,56.0
2025-12-09,56.0
2025-12-16,55.8
2025-12-23,54.5
2025-12-31,54.95
2026-01-06,52.9
2026-01-13,55.9
2026-01-20,57.5
2026-01-27,57.4
2026-02-03,56.9
2026-02-10,58.6
2026-02-17,53.7
2026-02-24,58.4
2026-03-03,59.99
2026-03-10,87.15
2026-03-17,106.75
2026-03-24,123.5
2026-03-31,134.5
2026-04-07,153.5
2026-04-14,119.9
2026-04-21,94.5
2026-04-28,87.9
2026-05-05,88.5
2026-05-12,78.95
2026-05-19,79.9
2026-05-26,81.9
2026-06-02,74.6
2026-06-09,80.8
2026-06-16,77.1
2026-06-23,70.9
2026-06-30,68.9
2026-07-07,72.2
2026-07-14,77.2
2026-07-21,81.2
2026-07-28,92.8
