seed,generation,best_fitness,mean_fitness,n_evals
1000,0,1.116781798717224,1.0611229490454928,24
1000,1,1.116781798717224,1.067294921691561,44
1000,2,1.116781798717224,1.080857870888087,65
1000,3,1.116781798717224,1.0882038051635703,84
1000,4,1.116781798717224,1.0917964217301717,104
1000,5,1.116781798717224,1.0937192390071748,125
1000,6,1.116781798717224,1.0909141762959276,144
1001,0,1.0858219808391176,1.0573339877831966,168
1001,1,1.0970369400669495,1.0684232892800998,189
1001,2,1.0983118961891403,1.0775330992307652,210
1001,3,1.1056683298246757,1.088545411798486,231
1001,4,1.1184647016940192,1.0942492187645174,252
1001,5,1.1184647016940192,1.0929414103883812,274
1001,6,1.1184647016940192,1.0965874703222391,294
1001,7,1.1184647016940192,1.0959246545808428,316
1001,8,1.1184647016940192,1.1018150025132643,337
1001,9,1.1273204831296988,1.1021945579613461,359
1001,10,1.1273204831296988,1.1013272863675503,377
1001,11,1.1273204831296988,1.1066009810180926,399
1001,12,1.1273204831296988,1.1014146509705054,419
1001,13,1.1273204831296988,1.101481809967276,441
1001,14,1.1273204831296988,1.1019179854731078,463
1001,15,1.1273204831296988,1.1072236343343058,478
1002,0,1.0884863920481136,1.059502824962754,502
1002,1,1.0908157029758803,1.067554823349958,522
1002,2,1.095393413192834,1.0792535096228237,541
1002,3,1.110043046741247,1.083007504913178,562
1002,4,1.110043046741247,1.0936035707949114,577
1002,5,1.1214402741087923,1.0962239151451534,599
1002,6,1.1214402741087923,1.0977191250669802,618
1002,7,1.1241436688950592,1.1021880759579818,639
1002,8,1.1241436688950592,1.1020860615979828,660
1002,9,1.1241436688950592,1.1030773559103284,680
1002,10,1.1241436688950592,1.0980376206370008,702
1002,11,1.1241436688950592,1.1014367501975315,723
1002,12,1.1241436688950592,1.1015353009239879,744
1002,13,1.1241436688950592,1.1039548327212165,764
1003,0,1.092779384314125,1.0593061317844645,788
1003,1,1.092779384314125,1.0667379180151466,807
1003,2,1.094080468980266,1.0724340876858254,829
1003,3,1.0984447551007221,1.0848951161094942,850
1003,4,1.1130069724040592,1.0903394477770019,869
1003,5,1.1130069724040592,1.0891415799795727,890
1003,6,1.1130069724040592,1.0963814328973756,908
1003,7,1.1263417245304834,1.0989569871417884,927
1003,8,1.1263417245304834,1.0987697166616788,948
1003,9,1.1263417245304834,1.103719926490956,965
1003,10,1.1263417245304834,1.1045406468230503,983
1003,11,1.1263417245304834,1.1034644073288755,1001
1003,12,1.1263417245304834,1.1026583986358516,1018
1003,13,1.1263417245304834,1.105724915181102,1036
1004,0,1.1006254398881061,1.0577726248305925,1060
1004,1,1.1006254398881061,1.069596937470567,1079
1004,2,1.1006254398881061,1.0763842644545083,1097
1004,3,1.125542871363529,1.0852299935704002,1116
1004,4,1.125542871363529,1.0947917514905547,1138
1004,5,1.125542871363529,1.0958861044828676,1158
1004,6,1.125542871363529,1.100811194337442,1173
1004,7,1.125542871363529,1.1027402046416706,1189
1004,8,1.125542871363529,1.0968568454879144,1208
1004,9,1.125542871363529,1.0971866318346895,1229
1005,0,1.0878926333216652,1.0534579210451565,1253
1005,1,1.0878926333216652,1.0623314677351081,1274
1005,2,1.0970244353042347,1.0677766117759364,1296
1005,3,1.107018123989411,1.077757090076507,1314
1005,4,1.107018123989411,1.0874721345315743,1334
1005,5,1.1083396486949575,1.0873778552643467,1356
1005,6,1.1083396486949575,1.090560360259299,1378
1005,7,1.1130013540985846,1.0939220688514186,1398
1005,8,1.1130013540985846,1.0950856339488952,1417
1005,9,1.1130013540985846,1.0970840431241822,1438
1005,10,1.1311223532160497,1.102009459135907,1456
1005,11,1.1311223532160497,1.1039685880850358,1476
1005,12,1.1311223532160497,1.1022238468539205,1497
1005,13,1.1311223532160497,1.1071647913336797,1517
1005,14,1.1311223532160497,1.1031441394971777,1538
1005,15,1.1311223532160497,1.1056472105915651,1559
1005,16,1.1311223532160497,1.104530621484419,1579
1006,0,1.1078549634468942,1.0602596317537207,1603
1006,1,1.1083489438971752,1.0726980590758661,1624
1006,2,1.113905427341636,1.0811156306601202,1645
1006,3,1.113905427341636,1.0853428987880391,1665
1006,4,1.1142113823317428,1.090177201218991,1684
1006,5,1.1142113823317428,1.0911663283390205,1703
1006,6,1.1142113823317428,1.0951288227423293,1722
1006,7,1.1142113823317428,1.0970208118392022,1744
1006,8,1.1142113823317428,1.0980063112870757,1763
1006,9,1.123773666552538,1.102688898294722,1782
1006,10,1.123773666552538,1.1005010445951726,1804
1006,11,1.123773666552538,1.104795947489983,1824
1006,12,1.123773666552538,1.1091165548919892,1843
1006,13,1.1303003255046058,1.1123206030826054,1863
1006,14,1.1303730692340481,1.1110904320010275,1885
1006,15,1.1429353752814708,1.1151418441385186,1907
1006,16,1.1430119944776966,1.1176696912085307,1928
1006,17,1.1430119944776966,1.1109927119975198,1950
1006,18,1.1430119944776966,1.1175662394402868,1970
1006,19,1.1430119944776966,1.1146683313327228,1989
1007,0,1.0901665226401436,1.058612647611956,2013
1007,1,1.096864883051357,1.0667069886831149,2032
1007,2,1.1123868155185217,1.0765395095790924,2054
1007,3,1.1123868155185217,1.080609482090566,2075
1007,4,1.1123868155185217,1.0816921253706087,2097
1007,5,1.1123868155185217,1.0854202502010581,2118
1007,6,1.1123868155185217,1.0885882453260032,2138
1007,7,1.1123868155185217,1.091982478817212,2157
1007,8,1.1123868155185217,1.0889771853392576,2177
1008,0,1.0988932534912785,1.063358463572025,2201
1008,1,1.0988932534912785,1.0726043347677778,2220
1008,2,1.1022763998653626,1.0808947286172377,2242
1008,3,1.1029472443578732,1.087340458281597,2262
1008,4,1.1109351685019366,1.0868625961146738,2284
1008,5,1.1109351685019366,1.092495373563894,2305
1008,6,1.131586505016001,1.0964529168218058,2325
1008,7,1.131586505016001,1.0993345918006099,2346
1008,8,1.131586505016001,1.1004958712213704,2366
1008,9,1.131586505016001,1.1022398016163049,2387
1008,10,1.131586505016001,1.1070754896012536,2405
1008,11,1.131586505016001,1.1000428759308216,2425
1008,12,1.131586505016001,1.1038294058998606,2446
1009,0,1.0941772346880565,1.0628190316131176,2470
1009,1,1.106710279166442,1.072423050251405,2492
1009,2,1.1344230379442453,1.0851088578608783,2513
1009,3,1.1344230379442453,1.0978038277480848,2533
1009,4,1.1344230379442453,1.0976766011320367,2554
1009,5,1.1344230379442453,1.1007154896876756,2573
1009,6,1.1344230379442453,1.1036554461512178,2592
1009,7,1.1344230379442453,1.1054597116026554,2613
1009,8,1.1344230379442453,1.1074820961008867,2633
