week_end,rain_sum,diesel_abs_pct,shock_rain,shock_diesel,I_shock,split
2018-01-07,38.3,0.0,0,0,0,train
2018-01-14,71.69999999999999,0.0,0,0,0,train
2018-01-21,87.2,3.24264202600959,0,0,0,train
2018-01-28,28.2,3.1407972155465202,0,0,0,train
2018-02-04,27.4,3.0451550699019725,0,0,0,train
2018-02-11,23.4,0.7953216374269045,0,0,0,train
2018-02-18,64.0,2.958923184033435,0,0,0,train
2018-02-25,30.099999999999998,3.049145043644619,0,0,0,train
2018-03-04,39.8,2.1213616181549044,0,0,0,train
2018-03-11,6.6,1.0869565217391353,0,0,0,train
2018-03-18,22.7,1.0752688172043001,0,0,0,train
2018-03-25,73.60000000000001,1.0638297872340496,0,0,0,train
2018-04-01,3.3,1.0526315789473495,0,0,0,train
2018-04-08,27.1,1.041666666666674,0,0,0,train
2018-04-15,47.699999999999996,0.6872852233676952,0,0,0,train
2018-04-22,118.5,1.2687427912341231,0,0,0,train
2018-04-29,42.0,1.480637813211838,0,0,0,train
2018-05-06,59.8,1.5712682379349197,0,0,0,train
2018-05-13,36.4,0.6629834254143541,0,0,0,train
2018-05-20,100.1,2.6696329254727313,0,0,0,train
2018-05-27,49.400000000000006,2.4918743228602436,0,0,0,train
2018-06-03,67.8,0.7399577167019,0,0,0,train
2018-06-10,4.1000000000000005,1.8887722980062915,0,0,0,train
2018-06-17,10.200000000000001,1.2834224598930466,0,0,0,train
2018-06-24,17.5,0.9534127843987106,0,0,0,train
2018-07-01,22.5,1.9317450096587363,0,0,0,train
2018-07-08,17.3,1.2037644998905694,0,0,0,train
2018-07-15,20.0,0.7569204152249265,0,0,0,train
2018-07-22,13.9,0.3219575016098042,0,0,0,train
2018-07-29,1.8,2.562446167097321,0,0,0,train
2018-08-05,17.7,2.5193370165745854,0,0,0,train
2018-08-12,2.4,0.20478551411942103,0,0,0,train
2018-08-19,3.8,0.5292148180148892,0,0,0,train
2018-08-26,44.8,0.0,0,0,0,train
2018-09-02,19.8,0.923936398796732,0,0,0,train
2018-09-09,7.5,1.9480519480519431,0,0,0,train
2018-09-16,19.4,1.9108280254777066,0,0,0,train
2018-09-23,26.9,0.30737704918033515,0,0,0,train
2018-09-30,2.4000000000000004,0.40858018386107364,0,0,0,train
2018-10-07,43.300000000000004,2.746693794506605,0,0,0,train
2018-10-14,67.4,2.871287128712874,0,0,0,train
2018-10-21,55.5,1.2512030798845108,0,0,0,train
2018-10-28,39.9,2.826510721247577,0,0,0,train
2018-11-04,51.4,2.7488151658767723,0,0,0,train
2018-11-11,51.4,1.6605166051660625,0,0,0,train
2018-11-18,58.800000000000004,3.7523452157598447,0,0,0,train
2018-11-25,6.699999999999999,3.945419103313841,0,0,0,train
2018-12-02,24.3,4.107476256189624,0,0,0,train
2018-12-09,24.5,4.283416574959775,0,0,0,train
2018-12-16,13.6,4.475103917926948,0,0,0,train
2018-12-23,62.5,4.684751411906307,0,0,0,train
2018-12-30,53.0,2.4283632831471613,0,0,0,train
2019-01-06,42.599999999999994,4.579392732702825,0,0,0,train
2019-01-13,48.1,0.2869066249348018,0,0,0,train
2019-01-20,21.1,1.1443433029908912,0,0,0,train
2019-01-27,126.69999999999999,7.53407045512986,1,1,1,train
2019-02-03,25.3,4.9736967957914935,0,0,0,train
2019-02-10,17.5,1.252847380410016,0,0,0,train
2019-02-17,40.7,1.2687427912341231,0,0,0,train
2019-02-24,4.3,1.556567957479138,0,0,0,train
2019-03-03,4.9,1.532710280373828,0,0,0,train
2019-03-10,67.7,1.5095729013254955,0,0,0,train
2019-03-17,22.7,0.13057671381937475,0,0,0,train
2019-03-24,66.60000000000001,1.1331444759206777,0,0,0,train
2019-03-31,59.9,0.21547080370609706,0,0,0,train
2019-04-07,22.4,0.21500752526338873,0,0,0,train
2019-04-14,36.7,0.4093945270416066,0,0,0,train
2019-04-21,66.5,1.6952789699570703,0,0,0,train
2019-04-28,124.8,0.0,0,0,0,train
2019-05-05,137.6,0.9284659210804014,1,0,1,train
2019-05-12,7.6,1.4217018607568521,0,0,0,train
2019-05-19,97.8,0.25450689289501227,0,0,0,train
2019-05-26,18.9,0.09568360620880734,0,0,0,train
2019-06-02,123.0,0.09577524741939403,0,0,0,train
2019-06-09,145.5,2.2368981678738797,1,0,1,train
2019-06-16,32.900000000000006,4.903028982349101,0,0,0,train
2019-06-23,43.8,0.43538038496790943,0,0,0,train
2019-06-30,15.1,1.2548482774355607,0,0,0,train
2019-07-07,82.6,2.140603875619629,0,0,0,train
2019-07-14,31.5,0.8824178248400538,0,0,0,train
2019-07-21,12.6,1.5579790785666736,0,0,0,train
2019-07-28,44.8,0.03652567755131342,0,0,0,train
2019-08-04,10.6,0.03653902367729556,0,0,0,train
2019-08-11,1.7000000000000002,0.036552379559906534,0,0,0,train
2019-08-18,16.3,2.9618253620008805,0,0,0,train
2019-08-25,14.5,0.3391363328057895,0,0,0,train
2019-09-01,32.8,0.22686025408348298,0,0,0,train
2019-09-08,9.4,0.22737608003636778,0,0,0,train
2019-09-15,1.6,0.22789425706472022,0,0,0,train
2019-09-22,2.8,1.9415258108725464,0,0,0,train
2019-09-29,18.3,3.585032489356932,0,0,0,train
2019-10-06,188.89999999999998,0.8652390222799067,1,0,1,train
2019-10-13,19.3,2.181976871045166,0,0,0,train
2019-10-20,55.8,0.22306491188935906,0,0,0,train
2019-10-27,72.7,0.3353454057679395,0,0,0,train
2019-11-03,51.2,0.3364737550471064,0,0,0,train
2019-11-10,5.1,0.33760972316002613,0,0,0,train
2019-11-17,5.8,0.3387533875338744,0,0,0,train
2019-11-24,58.1,0.3965556310899676,0,0,0,train
2019-12-01,54.4,0.39813445569331085,0,0,0,train
2019-12-08,25.700000000000003,1.2562814070351758,0,0,0,train
2019-12-15,75.3,1.2406947890818865,0,0,0,train
2019-12-22,60.0,1.2254901960784492,0,0,0,train
2019-12-29,14.5,1.2106537530266248,0,0,0,train
2020-01-05,54.0,1.397346672466282,0,0,0,train
2020-01-12,31.9,1.4171491590846519,0,0,0,train
2020-01-19,44.9,1.4375209755006169,0,0,0,train
2020-01-26,34.1,1.4584870325180188,0,0,0,train
2020-02-02,20.1,2.9486293480764925,0,0,0,train
2020-02-09,25.9,1.0740657865294212,0,0,0,train
2020-02-16,21.0,4.817914498982134,0,0,0,train
2020-02-23,7.699999999999999,0.0,0,0,0,train
2020-03-01,25.299999999999997,10.289923954372625,0,1,1,train
2020-03-08,39.1,9.265244559362195,0,1,1,train
2020-03-15,3.1,1.7810496319164093,0,0,0,train
2020-03-22,68.9,10.275628626692457,0,1,1,train
2020-03-29,47.9,8.946375639989224,0,1,1,train
2020-04-05,27.2,5.238236164545729,0,0,0,train
2020-04-12,28.4,0.6608548931383518,0,0,0,train
2020-04-19,22.7,0.31139419674451885,0,0,0,train
2020-04-26,77.8,5.154053670310943,0,0,0,train
2020-05-03,21.1,19.41668917094248,0,1,1,train
2020-05-10,43.9,2.680965147453085,0,0,0,train
2020-05-17,45.7,7.920110192837471,0,1,1,train
2020-05-24,60.0,1.7868538608806661,0,0,0,train
2020-05-31,93.0,6.802507836990612,0,1,1,train
2020-06-07,218.6,0.17610801291459977,1,0,1,train
2020-06-14,93.1,4.675095560129394,0,0,0,train
2020-06-21,72.7,2.2191011235955127,0,0,0,train
2020-06-28,72.2,3.297609233305865,0,0,0,train
2020-07-05,83.3,0.9577015163607427,0,0,0,train
2020-07-12,64.4,0.2371541501976271,0,0,0,train
2020-07-19,68.2,0.7360672975814886,0,0,0,train
2020-07-26,62.0,0.287056367432148,0,0,0,train
2020-08-02,89.5,0.4972520282648496,0,0,0,train
2020-08-09,51.4,1.1979166666666652,0,0,0,train
2020-08-16,61.1,0.5271481286241331,0,0,0,train
2020-08-23,23.599999999999998,0.6624271330153642,0,0,0,train
2020-08-30,3.9,1.2269938650306789,0,0,0,train
2020-09-06,29.8,0.29705644072373083,0,0,0,train
2020-09-13,53.1,1.4897074756229811,0,0,0,train
2020-09-20,52.8,4.151773439648054,0,0,0,train
2020-09-27,15.5,1.1761331038439349,0,0,0,train
2020-10-04,32.3,0.5515239477503764,0,0,0,train
2020-10-11,23.8,1.4010507880910628,0,0,0,train
2020-10-18,149.4,0.82889283599763,1,0,1,train
2020-10-25,18.8,0.05871990604815469,0,0,0,train
2020-11-01,44.300000000000004,1.1163337250293837,0,0,0,train
2020-11-08,23.5,3.505644682115272,0,0,0,train
2020-11-15,46.3,0.49261083743843415,0,0,0,train
2020-11-22,89.3,3.0330882352941346,0,0,0,train
2020-11-29,40.5,0.059470710675002536,0,0,0,train
2020-12-06,99.2,1.3388872359416881,0,0,0,train
2020-12-13,63.1,0.5284791544333478,0,0,0,train
2020-12-20,123.30000000000001,1.9713785046729049,0,0,0,train
2020-12-27,39.4,1.9332665043677366,0,0,0,train
2021-01-03,70.5,0.2669289126159047,0,0,0,train
2021-01-10,76.4,0.26764333004650753,0,0,0,train
2021-01-17,134.9,2.5141242937853026,1,0,1,train
2021-01-24,69.0,1.1848994213281783,0,0,0,train
2021-01-31,25.5,0.462962962962965,0,0,0,train
2021-02-07,61.5,0.08207934336523781,0,0,0,train
2021-02-14,42.0,2.573932092004383,0,0,0,train
2021-02-21,34.7,2.8029898558462385,0,0,0,train
2021-02-28,27.7,1.2983640612827863,0,0,0,train
2021-03-07,20.1,1.9225839528326016,0,0,0,train
2021-03-14,55.9,1.4587525150905445,0,0,0,train
2021-03-21,85.6,2.3481368044920847,0,0,0,train
2021-03-28,41.1,0.6982543640897787,0,0,0,train
2021-04-04,92.5,3.0889000502260067,0,0,0,train
2021-04-11,107.6,0.33687483804094587,0,0,0,train
2021-04-18,16.9,0.8580343213728581,0,0,0,train
2021-04-25,2.5,0.8507347254447017,0,0,0,train
2021-05-02,76.5,0.562372188139082,0,0,0,train
2021-05-09,102.5,0.38129130655822907,0,0,0,train
2021-05-16,113.0,2.3475376371523415,0,0,0,train
2021-05-23,200.9,0.3490401396160525,1,0,1,train
2021-05-30,113.6,0.5962732919254643,0,0,0,train
2021-06-06,53.5,1.0372931588046308,0,0,0,train
2021-06-13,41.0,1.026643852358844,0,0,0,train
2021-06-20,69.9,0.8468424872973612,0,0,0,train
2021-06-27,34.8,1.415547024952013,0,0,0,train
2021-07-04,58.8,1.3248166548379459,0,0,0,train
2021-07-11,114.7,0.14008872285780072,0,0,0,train
2021-07-18,40.6,1.2391863455693208,0,0,0,train
2021-07-25,4.7,0.8314087759815125,0,0,0,train
2021-08-01,5.3,1.305542830966544,0,0,0,train
2021-08-08,25.200000000000003,1.69412856811324,0,0,0,train
2021-08-15,34.9,1.3235965312642595,0,0,0,train
2021-08-22,56.9,0.6706753006475497,0,0,0,train
2021-08-29,73.4,1.699650756693838,0,0,0,train
2021-09-05,55.800000000000004,1.1132164850781612,0,0,0,train
2021-09-12,48.7,1.5928788943546435,0,0,0,train
2021-09-19,55.6,1.0836984090385249,0,0,0,train
2021-09-26,82.7,1.6195255474452441,0,0,0,train
2021-10-03,48.1,1.9977553310886575,0,0,0,train
2021-10-10,39.8,4.489436619718301,0,0,0,train
2021-10-17,20.5,3.2224094355518096,0,0,0,train
2021-10-24,108.5,3.203427871862896,0,0,0,train
2021-10-31,77.3,0.7710557532621509,0,0,0,train
2021-11-07,69.2,0.45124583088090864,0,0,0,train
2021-11-14,123.5,1.3795821836815159,0,0,0,train
2021-11-21,88.8,0.1598721023181371,0,0,0,train
2021-11-28,107.1,2.421937550040032,0,0,0,train
2021-12-05,38.1,1.2102564102564162,0,0,0,train
2021-12-12,46.1,4.775747508305638,0,0,0,train
2021-12-19,64.7,2.2241604884430943,0,0,0,train
2021-12-26,19.0,0.7892491467576646,0,0,0,train
2022-01-02,17.7,1.1851851851851891,0,0,0,train
2022-01-09,18.8,4.968944099378891,0,0,0,train
2022-01-16,73.8,2.060803917567844,0,0,0,train
2022-01-23,59.8,3.078768492602957,0,0,0,train
2022-01-30,60.1,3.5298681148176803,0,0,0,train
2022-02-06,28.1,1.6110902959910023,0,0,0,train
2022-02-13,52.5,1.954277286135686,0,0,0,train
2022-02-20,68.2,1.8083182640144635,0,0,0,train
2022-02-27,41.3,1.10124333925401,0,0,0,train
2022-03-06,76.4,1.3000702740688652,0,0,0,train
2022-03-13,105.1,1.2833853624696578,0,0,0,train
2022-03-20,76.7,27.568493150684926,0,1,1,train
2022-03-27,125.4,13.006711409395965,0,1,1,train
2022-04-03,146.3,11.98889060330195,1,1,1,train
2022-04-10,99.1,2.76935794984845,0,0,0,train
2022-04-17,16.2,0.5809834207170184,0,0,0,train
2022-04-24,101.6,2.3232611174458517,0,0,0,train
2022-05-01,117.4,5.516088591725854,0,0,0,train
2022-05-08,93.0,1.306930693069297,0,0,0,train
2022-05-15,134.1,5.136436597110738,1,0,1,train
2022-05-22,105.5,3.613231552162832,0,0,0,train
2022-05-29,86.4,3.035902851108774,0,0,0,train
2022-06-05,48.099999999999994,1.9466376259188678,0,0,0,train
2022-06-12,58.7,8.492455601548944,0,1,1,train
2022-06-19,82.0,5.0830769230769235,0,0,0,train
2022-06-26,70.3,3.6542515811665455,0,0,0,train
2022-07-03,107.9,1.72881355932204,0,0,0,train
2022-07-10,44.099999999999994,3.6876596689992325,0,0,0,train
2022-07-17,116.0,7.0349440664283165,0,1,1,train
2022-07-24,55.3,2.245378985237567,0,0,0,train
2022-07-31,51.5,2.347715736040601,0,0,0,train
2022-08-07,81.7,1.3645224171539905,0,0,0,train
2022-08-14,49.9,2.3320158102766886,0,0,0,train
2022-08-21,43.1,2.171860245514634,0,0,0,train
2022-08-28,44.3,3.3232211803640554,0,0,0,train
2022-09-04,116.30000000000001,6.0456425997597485,0,1,1,train
2022-09-11,97.7,0.8872388623206606,0,0,0,train
2022-09-18,12.2,0.8951812583328,0,0,0,train
2022-09-25,6.9,5.714285714285705,0,0,0,train
2022-10-02,65.2,2.296507677673598,0,0,0,train
2022-10-09,81.4,1.4047287899860983,0,0,0,train
2022-10-16,5.199999999999999,4.401184934405422,0,0,0,train
2022-10-23,136.5,5.877584110255363,1,0,1,train
2022-10-30,44.3,1.0847371107707948,0,0,0,train
2022-11-06,63.5,1.7288091859114951,0,0,0,train
2022-11-13,126.80000000000001,0.07877116975187892,1,0,1,train
2022-11-20,116.5,0.551832873472613,0,0,0,train
2022-11-27,122.4,4.1220768925882005,0,0,0,train
2022-12-04,71.4,4.299297230260423,0,0,0,train
2022-12-11,44.9,3.4413246940244835,0,0,0,train
2022-12-18,77.3,0.5741127348642849,0,0,0,train
2022-12-25,40.1,0.5774278215223139,0,0,0,train
2023-01-01,62.1,0.7995172725901334,0,0,0,train
2023-01-08,114.8,5.117092457420935,0,0,0,train
2023-01-15,68.7,2.620402275823386,0,0,0,train
2023-01-22,84.3,0.5778541308761653,0,0,0,train
2023-01-29,108.8,3.0745341614906607,0,0,0,train
2023-02-05,46.3,0.8134980415787973,0,0,0,train
2023-02-12,35.1,4.901374775851764,0,0,0,train
2023-02-19,113.1,3.4569453174104425,0,0,0,train
2023-02-26,76.0,0.40690104166667407,0,0,0,train
2023-03-05,34.3,2.2045712433133358,0,0,0,train
2023-03-12,49.9,2.1879661859771193,0,0,0,train
2023-03-19,76.3,1.4111922141119226,0,0,0,train
2023-03-26,55.9,3.603158933859818,0,0,0,train
2023-04-02,125.6,2.508960573476715,1,0,1,train
2023-04-09,73.9,0.7002801120448376,0,0,0,train
2023-04-16,16.9,2.7816411682892728,0,0,0,train
2023-04-23,84.9,1.4377537212449165,0,0,0,train
2023-04-30,38.3,1.115496825124429,0,0,0,train
2023-05-07,38.2,2.8635890315862556,0,0,0,train
2023-05-14,44.7,4.734679292478106,0,0,0,train
2023-05-21,31.2,2.025506376594155,0,0,0,train
2023-05-28,12.200000000000001,0.9191176470588314,0,0,0,train
2023-06-04,14.7,0.18214936247722413,0,0,0,train
2023-06-11,27.8,1.1272727272727212,0,0,0,train
2023-06-18,94.6,0.8918720117690349,0,0,0,train
2023-06-25,70.7,0.883987970472977,0,0,0,train
2023-07-02,52.7,1.1382113821138073,0,0,0,train
2023-07-09,156.5,4.8946052161486175,1,0,1,train
2023-07-16,5.5,2.7422990232907507,0,0,0,train
2023-07-23,18.4,4.716636197440582,0,0,0,train
2023-07-30,14.100000000000001,0.19203910614524755,0,0,0,train
2023-08-06,2.3,3.5894755183830007,0,0,0,train
2023-08-13,5.3999999999999995,7.308662741799821,0,1,1,train
2023-08-20,25.4,0.28607257622070836,0,0,0,train
2023-08-27,36.4,0.28525653550075525,0,0,0,train
2023-09-03,2.1999999999999997,0.31172069825435855,0,0,0,train
2023-09-10,88.9,1.646985705407089,0,0,0,train
2023-09-17,64.3,0.061143381228978555,0,0,0,train
2023-09-24,24.4,3.2080659945004752,0,0,0,train
2023-10-01,5.8,0.4292480757844941,0,0,0,train
2023-10-08,46.400000000000006,0.2675784153411742,0,0,0,train
2023-10-15,22.299999999999997,3.424759080800599,0,0,0,train
2023-10-22,40.1,1.6733190052195313,0,0,0,train
2023-10-29,54.8,1.826697892271656,0,0,0,train
2023-11-05,57.1,2.054584483287325,0,0,0,train
2023-11-12,70.89999999999999,1.8472135253600475,0,0,0,train
2023-11-19,78.2,5.055821371610847,0,0,0,train
2023-11-26,79.7,1.3270619855535015,0,0,0,train
2023-12-03,102.8,0.4596527068437162,0,0,0,train
2023-12-10,55.8,0.6947974919505162,0,0,0,train
2023-12-17,26.1,3.668941979522178,0,0,0,train
2023-12-24,65.2,0.19486271036315284,0,0,0,train
2023-12-31,21.799999999999997,2.5914093006744743,0,0,0,train
2024-01-07,34.0,0.5622837370242273,0,0,0,train
2024-01-14,17.8,0.5654632448890751,0,0,0,train
2024-01-21,195.5,1.3298337707786434,1,0,1,train
2024-01-28,5.3,0.7597996891728576,0,0,0,train
2024-02-04,224.9,1.1739502999142948,1,0,1,train
2024-02-11,29.3,1.16032861861608,0,0,0,train
2024-02-18,24.1,1.0046885465505695,0,0,0,train
2024-02-25,118.89999999999999,1.4884979702300516,0,0,0,train
2024-03-03,30.799999999999997,1.8166666666666775,0,0,0,train
2024-03-10,8.5,2.1049057884909184,0,0,0,train
2024-03-17,18.3,1.0806317539484578,0,0,0,train
2024-03-24,15.3,0.1680672268907557,0,0,0,train
2024-03-31,26.5,2.3569023569023573,0,0,0,train
2024-04-07,13.1,7.319078947368418,0,1,1,train
2024-04-14,18.7,2.7506654835847355,0,0,0,train
2024-04-21,31.099999999999998,1.6407599309153698,0,0,0,train
2024-04-28,107.1,1.6142735768904015,0,0,0,train
2024-05-05,71.3,0.7772020725388518,0,0,0,train
2024-05-12,114.9,3.1331592689295085,0,0,0,train
2024-05-19,90.0,0.8984725965858087,0,0,0,train
2024-05-26,136.7,0.453309156844961,1,0,1,train
2024-06-02,67.7,0.7220216606498076,0,0,0,train
2024-06-09,42.5,1.0752688172043001,0,0,0,train
2024-06-16,80.2,2.127659574468077,0,0,0,train
2024-06-23,52.8,3.8949275362318847,0,0,0,train
2024-06-30,171.1,1.6564952048823023,1,0,1,train
2024-07-07,73.0,3.1914893617021267,0,0,0,train
2024-07-14,45.0,1.1168384879725046,0,0,0,train
2024-07-21,58.1,3.823279524214107,0,0,0,train
2024-07-28,11.4,0.7067137809187218,0,0,0,train
2024-08-04,18.6,2.0462633451957424,0,0,0,train
2024-08-11,30.4,1.7257039055404322,0,0,0,train
2024-08-18,85.0,1.3392857142857206,0,0,0,train
2024-08-25,88.3,2.1145374449339283,0,0,0,train
2024-09-01,23.5,9.836065573770492,0,1,1,train
2024-09-08,55.9,0.574162679425827,0,0,0,train
2024-09-15,14.0,4.7573739295908695,0,0,0,train
2024-09-22,26.8,2.597402597402587,0,0,0,train
2024-09-29,49.300000000000004,6.8717948717948785,0,1,1,train
2024-10-06,83.3,1.7274472168905985,0,0,0,train
2024-10-13,25.6,3.6792452830188727,0,0,0,train
2024-10-20,67.8,5.288932419196879,0,0,0,train
2024-10-27,2.6,0.7441860465116301,0,0,0,train
2024-11-03,52.2,0.9233610341643494,0,0,0,train
2024-11-10,23.1,1.3723696248856276,0,0,0,test
2024-11-17,35.7,4.061371841155237,0,0,0,test
2024-11-24,80.7,5.644402634054568,0,0,0,test
2024-12-01,61.6,1.0685663401602818,0,0,0,test
2024-12-08,96.9,0.0,0,0,0,test
2024-12-15,89.0,8.017621145374443,0,1,1,test
2024-12-22,43.5,3.256704980842895,0,0,0,test
2024-12-29,121.8,2.6901669758812696,0,0,0,test
2025-01-05,151.4,0.722673893405601,1,0,1,test
2025-01-12,85.2,6.733393994540493,0,1,1,test
2025-01-19,37.7,0.6820119352088705,0,0,0,test
2025-01-26,106.5,2.28619813717188,0,0,0,test
2025-02-02,105.39999999999999,4.246100519930662,0,0,0,test
2025-02-09,98.6,1.9118869492934287,0,0,0,test
2025-02-16,109.6,0.16949152542372614,0,0,0,test
2025-02-23,85.7,1.358234295415972,0,0,0,test
2025-03-02,81.6,6.532663316582921,0,1,1,test
2025-03-09,139.7,1.4336917562723928,1,0,1,test
2025-03-16,82.0,1.6181818181818297,0,0,0,test
2025-03-23,73.5,0.3578457684737968,0,0,0,test
2025-03-30,110.5,0.0,0,0,0,test
2025-04-06,78.7,4.471179745017051,0,0,0,test
2025-04-13,110.30000000000001,6.109022556390986,0,1,1,test
2025-04-20,52.1,5.137289636846775,0,0,0,test
2025-04-27,79.0,2.4276377217553824,0,0,0,test
2025-05-04,97.6,6.107566089334549,0,1,1,test
2025-05-11,91.9,3.2038834951456208,0,0,0,test
2025-05-18,132.1,2.558795860771401,1,0,1,test
2025-05-25,155.1,2.4329021046534116,1,0,1,test
2025-06-01,168.5,0.0,1,0,1,test
2025-06-08,120.0,0.0,0,0,0,test
2025-06-15,56.8,1.206409048067858,0,0,0,test
2025-06-22,54.6,2.5330601601788016,0,0,0,test
2025-06-29,24.8,9.246139872842885,0,1,1,test
2025-07-06,28.5,6.967076820751572,0,1,1,test
2025-07-13,11.2,4.092940125111699,0,0,0,test
2025-07-20,8.4,0.017170329670324058,0,0,0,test
2025-07-27,1.2,4.635193133047211,0,0,0,test
2025-08-03,29.200000000000003,0.21602160216023236,0,0,0,test
2025-08-10,73.5,1.526854679360512,0,0,0,test
2025-08-17,49.2,8.174097664543535,0,1,1,test
2025-08-24,73.2,0.0,0,0,0,test
2025-08-31,10.9,1.541425818882458,0,0,0,test
2025-09-07,73.0,3.5225048923678948,0,0,0,test
2025-09-14,69.8,2.6465028355387554,0,0,0,test
2025-09-21,15.8,2.5782688766114115,0,0,0,test
2025-09-28,14.799999999999999,0.5671077504725952,0,0,0,test
2025-10-05,64.9,1.6917293233082775,0,0,0,test
2025-10-12,46.7,0.46210720887245316,0,0,0,test
2025-10-19,54.1,0.0,0,0,0,test
2025-10-26,80.4,0.0,0,0,0,test
2025-11-02,56.2,1.9498607242339872,0,0,0,test
2025-11-09,12.700000000000001,16.079545454545464,0,1,1,test
2025-11-16,102.39999999999999,3.7363354543971217,0,0,0,test
2025-11-23,89.6,2.033898305084758,0,0,0,test
2025-11-30,21.6,2.1594684385382146,0,0,0,test
2025-12-07,23.7,4.923599320882854,0,0,0,test
2025-12-14,19.2,0.0,0,0,0,test
2025-12-21,94.5,0.357142857142867,0,0,0,test
2025-12-28,136.7,2.3297491039426466,1,0,1,test
2026-01-04,177.5,0.8256880733944927,1,0,1,test
2026-01-11,52.5,3.7306642402183843,0,0,0,test
2026-01-18,1.3,5.671077504725908,0,0,0,test
2026-01-25,9.1,2.8622540250447193,0,0,0,test
2026-02-01,26.500000000000004,0.17391304347826875,0,0,0,test
2026-02-08,31.0,0.8710801393728262,0,0,0,test
2026-02-15,46.6,2.987697715289994,0,0,0,test
2026-02-22,154.8,8.361774744027306,1,1,1,test
2026-03-01,103.3,8.752327746741152,0,1,1,test
2026-03-08,19.3,2.7226027397260433,0,0,0,test
2026-03-15,20.0,45.27421236872813,0,1,1,test
2026-03-22,9.8,22.48995983935742,0,1,1,test
2026-03-29,23.1,15.690866510538637,0,1,1,test
2026-04-05,25.8,8.906882591093112,0,1,1,test
2026-04-12,28.7,14.12639405204461,0,1,1,test
2026-04-19,22.4,21.88925081433224,0,1,1,test
2026-04-26,65.5,21.184320266889078,0,1,1,test
2026-05-03,166.5,6.9841269841269815,1,1,1,test
2026-05-10,204.0,0.682593856655278,1,0,1,test
2026-05-17,105.4,10.790960451977394,0,1,1,test
2026-05-24,173.6,1.2032932235592098,1,0,1,test
2026-05-31,27.2,2.50312891113893,0,0,0,test
2026-06-07,21.1,8.913308913308926,0,1,1,test
2026-06-14,62.7,8.310991957104562,0,1,1,test
2026-06-21,40.5,4.579207920792083,0,0,0,test
2026-06-28,18.0,8.041504539558996,0,1,1,test
2026-07-05,67.3,2.8208744710860323,0,0,0,test
2026-07-12,23.099999999999998,4.789550072568938,0,0,0,test
2026-07-19,26.6,6.9252077562326875,0,1,1,test
2026-07-26,59.2,5.181347150259064,0,0,0,test
