month,Cabbage,Carrot,Tomato,Eggplant,Ampalaya,Squash,Patola,Upo,Red onion,Native garlic
2018-01-01,103.04,97.26,74.89,41.05,77.22,28.66,107.89,28.47,190.43,132.84
2018-02-01,93.23,90.78,80.44,43.2,83.52,32.03,107.89,31.72,144.86,123.98
2018-03-01,78.51,88.62,79.06,43.2,70.91,27.82,107.89,27.65,128.58,121.03
2018-04-01,85.87,88.62,81.83,48.96,75.64,29.51,107.89,34.97,112.3,121.03
2018-05-01,83.42,86.46,80.43,48.96,75.64,38.78,107.89,34.97,118.81,118.08
2018-06-01,103.05,86.46,94.3,40.32,74.06,35.41,107.89,30.9,124.62,118.08
2018-07-01,103.05,92.94,95.7,43.93,79.58,37.1,107.89,34.15,137.64,126.94
2018-08-01,125.13,110.23,77.66,37.44,72.48,43.85,152.92,31.72,133.93,150.56
2018-09-01,117.77,96.19,85.98,46.08,63.03,33.73,113.36,30.9,148.11,131.38
2018-10-01,127.58,162.11,85.98,51.13,74.06,36.27,152.92,34.15,122.07,221.4
2018-11-01,122.67,118.88,74.89,49.69,86.67,30.36,150.19,33.34,112.3,162.36
2018-12-01,115.31,108.07,69.34,43.2,86.67,29.52,151.05,30.09,115.56,147.6
2019-01-01,103.04,105.91,74.89,42.49,78.79,25.3,151.05,34.15,113.93,144.65
2019-02-01,83.41,81.06,80.44,63.37,92.97,26.15,143.86,31.72,117.18,110.71
2019-03-01,105.49,103.75,108.18,63.37,85.09,29.52,152.92,32.53,120.43,141.7
2019-04-01,120.21,95.1,87.39,83.53,96.12,39.64,179.82,39.86,113.92,129.89
2019-05-01,127.57,108.07,95.71,74.89,99.27,46.39,179.82,38.23,107.41,147.6
2019-06-01,112.85,90.78,105.41,59.05,88.24,41.33,152.92,28.47,99.27,123.98
2019-07-01,98.13,112.4,124.83,44.65,80.36,31.21,143.86,22.77,105.78,153.5
2019-08-01,107.94,121.05,105.41,48.97,78.78,27.32,143.86,21.96,110.66,165.31
2019-09-01,115.3,110.24,83.22,39.61,61.45,24.8,143.86,28.47,109.03,150.55
2019-10-01,93.22,97.27,69.35,40.32,56.72,25.3,125.88,26.84,107.4,132.84
2019-11-01,93.22,84.3,90.16,41.05,72.47,32.9,107.9,29.27,156.22,115.13
2019-12-01,88.31,75.65,91.54,39.61,75.62,35.42,104.3,30.09,284.78,103.32
2020-01-01,77.28,102.68,81.84,36.73,69.32,29.52,104.3,26.02,301.05,140.23
2020-02-01,80.95,96.2,81.84,40.32,67.74,30.36,115.09,26.84,252.23,131.37
2020-03-01,83.4,94.04,74.89,38.17,71.68,21.93,115.09,28.47,180.63,128.42
2020-04-01,94.84,96.55,70.27,39.37,79.81,23.62,124.73,39.03,190.94,131.84
2020-05-01,139.81,91.88,74.88,41.77,87.43,22.78,115.09,41.48,188.77,125.46
2020-06-01,120.19,90.79,79.05,33.13,82.7,23.12,107.9,36.6,179.01,123.97
2020-07-01,103.02,103.76,102.61,30.25,74.03,27.33,107.9,32.53,161.11,141.68
2020-08-01,88.3,110.24,90.14,33.86,51.98,26.99,86.32,26.84,152.97,150.53
2020-09-01,76.04,92.95,79.05,30.98,53.56,24.47,86.32,26.84,159.48,126.92
2020-10-01,93.21,88.63,115.11,34.58,58.29,21.93,100.71,31.72,187.15,121.02
2020-11-01,103.02,95.11,152.54,36.75,62.24,23.28,100.71,30.9,198.54,129.88
2020-12-01,98.11,116.73,165.03,42.51,75.63,24.97,86.32,30.09,201.79,159.4
2021-01-01,103.02,116.73,130.35,48.27,88.24,53.98,66.61,30.09,193.65,159.4
2021-02-01,130.0,130.79,101.24,67.0,109.52,61.58,77.4,40.66,175.75,178.6
2021-03-01,101.8,115.66,94.3,61.95,81.94,49.77,73.8,39.03,175.75,157.94
2021-04-01,80.94,103.76,65.19,63.39,79.58,44.71,73.8,38.22,174.12,141.69
2021-05-01,69.91,92.95,74.89,60.51,77.21,37.11,75.53,32.52,164.36,126.93
2021-06-01,76.78,84.3,72.96,66.27,84.62,26.15,71.93,37.4,154.6,115.12
2021-07-01,93.2,96.4,76.0,75.2,93.6,33.4,73.8,47.0,154.6,131.65
2021-08-01,93.2,96.4,76.0,75.2,93.6,33.4,73.8,47.0,154.6,131.65
2021-09-01,94.2,93.4,63.0,77.2,95.6,34.4,70.8,47.4,144.4,140.25
2021-10-01,89.17,76.6,73.5,74.17,83.5,40.6,68.2,44.0,150.4,140.67
2021-11-01,85.83,100.17,68.83,70.83,93.5,38.5,71.5,48.17,193.67,143.0
2021-12-01,82.92,105.58,71.25,73.0,96.08,38.08,68.5,48.75,218.33,137.38
2022-01-01,87.0,112.0,92.83,85.83,108.25,39.5,72.42,55.92,242.42,140.0
2022-02-01,84.0,106.0,83.33,75.5,104.0,37.33,76.17,60.17,163.33,133.6
2022-03-01,70.75,94.67,72.5,78.0,104.0,33.0,69.0,53.0,143.67,132.0
2022-04-01,70.56,88.17,82.33,73.5,95.5,35.0,67.83,50.67,131.67,129.17
2022-05-01,73.83,103.0,94.17,82.83,101.33,31.83,72.67,45.67,130.67,130.83
2022-06-01,91.17,92.17,85.5,84.83,93.17,31.83,71.83,54.17,134.17,120.33
2022-07-01,91.67,90.33,68.75,80.08,90.5,36.75,71.42,53.75,146.17,121.33
2022-08-01,89.83,90.33,62.17,83.33,91.33,41.67,70.83,51.0,181.83,128.67
2022-09-01,100.5,105.58,55.08,71.75,95.25,40.83,72.92,54.92,186.33,123.0
2022-10-01,91.2,137.5,74.5,88.83,85.17,38.5,73.33,64.67,255.0,130.83
2022-11-01,92.6,134.0,76.8,88.5,90.83,42.33,75.0,65.33,245.0,138.6
2022-12-01,111.8,125.83,72.0,89.17,98.33,37.67,70.0,58.5,358.33,136.33
2023-01-01,100.67,116.83,85.08,93.33,103.33,41.08,70.83,57.33,535.92,134.67
2023-02-01,94.17,98.06,74.14,118.07,116.97,52.0,73.33,56.0,440.17,123.83
2023-03-01,88.0,101.5,66.67,108.0,113.83,45.08,70.33,47.83,352.83,125.0
2023-04-01,83.67,102.17,72.33,101.58,110.83,42.33,69.17,53.17,236.33,125.0
2023-05-01,90.17,93.0,72.33,94.5,101.92,40.67,73.17,51.25,230.33,138.17
2023-06-01,62.83,109.58,74.5,89.17,92.33,36.17,70.0,49.0,229.33,149.92
2023-07-01,69.75,160.08,83.83,83.08,88.08,37.92,70.0,51.75,211.5,143.92
2023-08-01,83.5,151.67,110.5,78.33,84.83,33.0,69.5,52.67,236.67,152.5
2023-09-01,80.33,137.25,101.25,74.0,81.58,36.75,72.42,52.08,229.67,164.17
2023-10-01,76.33,143.17,98.42,78.67,86.08,43.83,76.58,54.83,225.83,166.0
2023-11-01,81.75,147.0,99.17,78.25,86.33,44.08,77.0,55.25,236.67,174.08
2023-12-01,86.58,151.25,84.58,78.33,85.5,50.75,82.25,59.17,243.33,180.83
2024-01-01,81.5,157.5,80.0,85.92,85.67,48.25,78.17,56.92,225.42,189.42
2024-02-01,78.83,125.0,109.58,101.83,99.25,47.0,88.08,62.5,219.58,196.67
2024-03-01,89.08,110.0,100.0,99.5,106.42,48.67,83.5,60.42,178.33,212.5
2024-04-01,92.0,98.75,77.5,100.17,107.17,46.92,85.67,61.67,165.42,215.42
2024-05-01,104.75,107.08,77.33,107.08,111.5,46.67,90.42,57.83,161.67,211.67
2024-06-01,102.25,113.5,72.5,102.5,114.17,51.25,89.83,61.25,167.67,213.17
2024-07-01,96.0,181.75,117.42,90.17,112.33,55.25,82.17,57.25,165.67,214.17
2024-08-01,83.75,180.67,120.5,89.17,105.25,48.33,81.5,56.42,165.83,192.42
2024-09-01,86.67,157.17,110.0,82.67,104.42,45.58,83.25,56.92,166.67,170.33
2024-10-01,91.83,149.67,83.33,86.67,104.83,48.0,82.5,61.33,162.83,179.17
2024-11-01,94.08,127.5,132.08,90.67,106.58,38.67,74.5,58.5,151.67,187.5
2024-12-01,88.25,138.75,155.17,90.5,105.67,45.42,75.83,60.17,170.42,206.25
2025-01-01,102.08,155.42,161.83,94.58,116.5,45.92,81.08,61.5,183.33,210.83
2025-02-01,92.5,152.92,112.33,103.58,102.42,45.42,85.92,60.0,193.33,196.67
2025-03-01,78.67,119.75,89.0,105.0,104.25,50.92,88.0,59.17,230.83,184.42
2025-04-01,76.5,112.08,63.5,89.33,103.17,44.58,78.42,54.17,181.08,192.42
2025-05-01,76.25,110.0,77.58,82.5,101.83,45.58,81.33,56.25,194.17,204.08
2025-06-01,90.0,104.58,60.67,83.25,109.92,43.83,77.75,59.17,183.17,199.5
2025-07-01,117.92,135.67,62.75,90.08,119.75,40.5,80.08,54.17,192.17,193.58
2025-08-01,128.92,149.42,62.5,101.0,116.67,48.25,83.25,55.83,190.0,200.67
2025-09-01,116.75,163.17,81.42,86.17,107.08,70.42,82.17,64.58,191.92,194.0
2025-10-01,109.17,173.58,92.75,85.92,105.83,70.42,79.58,61.67,195.67,193.5
2025-11-01,114.25,169.33,82.75,91.33,97.5,67.75,82.33,58.33,206.75,199.83
2025-12-01,120.67,145.83,74.5,116.33,121.33,49.0,82.75,55.83,283.42,196.25
2026-01-01,117.5,150.0,104.25,114.17,116.67,54.25,86.25,67.17,272.33,196.17
2026-02-01,101.92,127.17,104.92,100.5,109.5,59.67,89.83,64.92,188.17,177.17
2026-03-01,103.58,132.0,93.25,99.33,109.42,61.33,100.83,65.33,192.0,193.67
2026-04-01,104.08,162.67,103.0,90.83,99.0,62.75,98.33,66.33,182.33,189.5
2026-05-01,96.25,202.5,82.83,100.83,119.42,56.33,122.67,66.42,170.67,188.67
2026-06-01,94.5,169.25,83.2,91.92,121.92,52.92,122.0,69.42,175.08,192.83
2026-07-01,103.67,145.17,124.92,88.67,119.0,52.75,110.67,69.42,169.0,193.67
