Commodity,series,n_weeks,corr_with_DFTC_change,sign_agreement
Ampalaya,reconstructed target,90,0.251,0.595
Ampalaya,sarimax,90,0.165,0.524
Ampalaya,xgb,90,0.119,0.548
Ampalaya,blend50,90,0.166,0.536
Ampalaya,gated,90,0.178,0.583
Cabbage,reconstructed target,90,0.003,0.512
Cabbage,sarimax,90,0.241,0.585
Cabbage,xgb,90,0.084,0.512
Cabbage,blend50,90,0.211,0.61
Cabbage,gated,90,0.173,0.585
Carrot,reconstructed target,90,0.303,0.605
Carrot,sarimax,90,0.151,0.593
Carrot,xgb,90,0.119,0.535
Carrot,blend50,90,0.152,0.558
Carrot,gated,90,0.18,0.558
Eggplant,reconstructed target,90,0.111,0.581
Eggplant,sarimax,90,0.058,0.616
Eggplant,xgb,90,-0.179,0.477
Eggplant,blend50,90,0.009,0.605
Eggplant,gated,90,-0.025,0.581
Native garlic*,reconstructed target,90,0.022,0.512
Native garlic*,sarimax,90,0.079,0.561
Native garlic*,xgb,90,0.085,0.585
Native garlic*,blend50,90,0.105,0.549
Native garlic*,gated,90,0.161,0.549
Patola,reconstructed target,90,0.311,0.557
Patola,sarimax,90,0.235,0.532
Patola,xgb,90,0.023,0.57
Patola,blend50,90,0.236,0.519
Patola,gated,90,0.188,0.532
Red onion*,reconstructed target,90,0.014,0.562
Red onion*,sarimax,90,0.087,0.573
Red onion*,xgb,90,0.139,0.562
Red onion*,blend50,90,0.105,0.573
Red onion*,gated,90,0.096,0.596
Squash,reconstructed target,90,0.112,0.562
Squash,sarimax,90,0.096,0.488
Squash,xgb,90,-0.028,0.488
Squash,blend50,90,0.078,0.462
Squash,gated,90,0.072,0.462
Tomato,reconstructed target,87,0.56,0.698
Tomato,sarimax,87,0.507,0.744
Tomato,xgb,87,0.425,0.709
Tomato,blend50,87,0.522,0.756
Tomato,gated,87,0.497,0.733
Upo,reconstructed target,90,-0.06,0.514
Upo,sarimax,90,-0.136,0.458
Upo,xgb,90,-0.124,0.444
Upo,blend50,90,-0.142,0.486
Upo,gated,90,-0.112,0.472
