series,Commodity,p,d,q,AIC,BIC,LB_p,converged
noind,Ampalaya,4,1,3,809.554,867.207,0.183,True
noind,Ampalaya,3,1,3,813.948,867.758,0.051,True
noind,Ampalaya,2,1,3,824.428,874.394,0.007,True
noind,Ampalaya,4,1,2,841.423,895.233,0.0,True
noind,Ampalaya,1,1,3,848.22,894.342,0.0,True
noind,Ampalaya,2,1,2,854.638,900.76,0.0,True
noind,Ampalaya,4,1,1,883.951,933.917,0.0,True
noind,Ampalaya,3,1,2,891.139,941.105,0.0,True
noind,Ampalaya,4,1,0,894.27,940.392,0.0,True
noind,Ampalaya,3,1,0,894.481,936.76,0.0,True
noind,Ampalaya,2,1,1,895.328,937.607,0.0,True
noind,Ampalaya,2,1,0,895.936,934.372,0.0,True
noind,Ampalaya,3,1,1,896.225,942.348,0.0,True
noind,Ampalaya,0,1,3,931.594,973.873,0.0,True
noind,Ampalaya,1,1,2,978.823,1021.102,0.0,True
noind,Ampalaya,1,1,1,990.561,1028.997,0.0,True
noind,Ampalaya,0,1,2,1078.721,1117.157,0.0,True
noind,Ampalaya,1,1,0,1154.828,1189.42,0.0,True
noind,Ampalaya,0,1,1,1218.549,1253.141,0.0,True
noind,Ampalaya,0,1,0,1586.699,1617.447,0.0,True
noind,Cabbage,4,1,3,1111.742,1169.395,0.054,True
noind,Cabbage,3,1,3,1116.035,1169.844,0.028,True
noind,Cabbage,2,1,3,1128.343,1178.309,0.008,True
noind,Cabbage,1,1,3,1134.634,1180.757,0.0,True
noind,Cabbage,4,1,2,1141.628,1195.437,0.0,True
noind,Cabbage,2,1,2,1162.274,1208.396,0.0,True
noind,Cabbage,4,1,1,1171.933,1221.899,0.0,True
noind,Cabbage,3,1,2,1179.034,1229.0,0.0,True
noind,Cabbage,3,1,0,1186.2,1228.479,0.0,True
noind,Cabbage,2,1,1,1186.913,1229.192,0.0,True
noind,Cabbage,4,1,0,1187.559,1233.682,0.0,True
noind,Cabbage,2,1,0,1188.0,1226.436,0.0,True
noind,Cabbage,3,1,1,1188.111,1234.234,0.0,True
noind,Cabbage,0,1,3,1212.743,1255.022,0.0,True
noind,Cabbage,1,1,2,1261.846,1304.125,0.0,True
noind,Cabbage,1,1,1,1273.868,1312.304,0.0,True
noind,Cabbage,0,1,2,1377.562,1415.997,0.0,True
noind,Cabbage,1,1,0,1430.843,1465.435,0.0,True
noind,Cabbage,0,1,1,1509.941,1544.533,0.0,True
noind,Cabbage,0,1,0,1892.838,1923.587,0.0,True
noind,Carrot,4,1,3,1411.38,1469.033,0.004,True
noind,Carrot,3,1,3,1418.33,1472.14,0.001,True
noind,Carrot,4,1,2,1423.418,1477.227,0.0,True
noind,Carrot,2,1,3,1424.289,1474.255,0.0,True
noind,Carrot,2,1,2,1445.213,1491.336,0.0,True
noind,Carrot,4,1,1,1456.235,1506.202,0.0,True
noind,Carrot,1,1,3,1458.694,1504.816,0.0,True
noind,Carrot,3,1,0,1461.94,1504.219,0.0,True
noind,Carrot,3,1,2,1462.18,1512.146,0.0,True
noind,Carrot,2,1,1,1463.212,1505.491,0.0,True
noind,Carrot,4,1,0,1463.861,1509.983,0.0,True
noind,Carrot,3,1,1,1463.925,1510.048,0.0,True
noind,Carrot,2,1,0,1467.485,1505.921,0.0,True
noind,Carrot,0,1,3,1525.002,1567.28,0.0,True
noind,Carrot,1,1,2,1555.682,1597.961,0.0,True
noind,Carrot,1,1,1,1578.354,1616.789,0.0,True
noind,Carrot,0,1,2,1642.784,1681.22,0.0,True
noind,Carrot,1,1,0,1732.372,1766.964,0.0,True
noind,Carrot,0,1,1,1788.555,1823.147,0.0,True
noind,Carrot,0,1,0,2139.246,2169.994,0.0,True
noind,Eggplant,4,1,3,796.473,854.127,0.036,True
noind,Eggplant,3,1,3,805.219,859.028,0.0,True
noind,Eggplant,2,1,3,819.151,869.117,0.0,True
noind,Eggplant,4,1,2,838.87,892.679,0.0,True
noind,Eggplant,2,1,2,844.526,890.649,0.0,True
noind,Eggplant,1,1,3,849.902,896.025,0.0,True
noind,Eggplant,4,1,1,875.947,925.913,0.0,True
noind,Eggplant,3,1,2,887.348,937.314,0.0,True
noind,Eggplant,3,1,0,891.282,933.561,0.0,True
noind,Eggplant,4,1,0,892.237,938.359,0.0,True
noind,Eggplant,2,1,1,893.006,935.285,0.0,True
noind,Eggplant,3,1,1,893.132,939.254,0.0,True
noind,Eggplant,2,1,0,896.363,934.798,0.0,True
noind,Eggplant,0,1,3,921.557,963.836,0.0,True
noind,Eggplant,1,1,2,987.579,1029.858,0.0,True
noind,Eggplant,1,1,1,997.439,1035.874,0.0,True
noind,Eggplant,0,1,2,1070.722,1109.157,0.0,True
noind,Eggplant,1,1,0,1161.448,1196.04,0.0,True
noind,Eggplant,0,1,1,1195.418,1230.01,0.0,True
noind,Eggplant,0,1,0,1555.759,1586.507,0.0,True
noind,Native garlic,4,1,3,1468.238,1525.891,0.019,True
noind,Native garlic,3,1,3,1480.88,1534.69,0.0,True
noind,Native garlic,4,1,2,1482.018,1535.828,0.0,True
noind,Native garlic,2,1,3,1494.155,1544.121,0.0,True
noind,Native garlic,2,1,2,1509.413,1555.535,0.0,True
noind,Native garlic,4,1,1,1521.699,1571.665,0.0,True
noind,Native garlic,1,1,3,1530.361,1576.484,0.0,True
noind,Native garlic,3,1,2,1533.027,1582.993,0.0,True
noind,Native garlic,3,1,0,1534.723,1577.002,0.0,True
noind,Native garlic,4,1,0,1536.639,1582.762,0.0,True
noind,Native garlic,3,1,1,1536.704,1582.827,0.0,True
noind,Native garlic,2,1,1,1537.124,1579.403,0.0,True
noind,Native garlic,2,1,0,1546.942,1585.377,0.0,True
noind,Native garlic,1,1,2,1648.161,1690.44,0.0,True
noind,Native garlic,0,1,3,1649.821,1692.1,0.0,True
noind,Native garlic,1,1,1,1665.861,1704.297,0.0,True
noind,Native garlic,0,1,2,1720.912,1759.348,0.0,True
noind,Native garlic,1,1,0,1821.369,1855.961,0.0,True
noind,Native garlic,0,1,1,1842.264,1876.855,0.0,True
noind,Native garlic,0,1,0,2190.749,2221.497,0.0,True
noind,Patola,4,1,3,1111.119,1168.772,0.0,True
noind,Patola,4,1,2,1114.246,1168.055,0.0,True
noind,Patola,3,1,3,1126.428,1180.237,0.0,True
noind,Patola,2,1,3,1129.429,1179.395,0.0,True
noind,Patola,2,1,2,1151.48,1197.602,0.0,True
noind,Patola,4,1,1,1160.366,1210.332,0.0,True
noind,Patola,3,1,2,1167.885,1217.851,0.0,True
noind,Patola,3,1,0,1169.317,1211.596,0.0,True
noind,Patola,4,1,0,1171.04,1217.162,0.0,True
noind,Patola,3,1,1,1171.249,1217.371,0.0,True
noind,Patola,2,1,1,1171.398,1213.677,0.0,True
noind,Patola,2,1,0,1181.857,1220.292,0.0,True
noind,Patola,1,1,3,1184.594,1230.717,0.0,True
noind,Patola,0,1,3,1229.861,1272.14,0.0,True
noind,Patola,1,1,2,1281.648,1323.927,0.0,True
noind,Patola,1,1,1,1309.606,1348.041,0.0,True
noind,Patola,0,1,2,1345.776,1384.212,0.0,True
noind,Patola,1,1,0,1463.375,1497.967,0.0,True
noind,Patola,0,1,1,1493.278,1527.869,0.0,True
noind,Patola,0,1,0,1847.898,1878.647,0.0,True
noind,Red onion,3,1,3,1705.727,1759.536,0.007,True
noind,Red onion,4,1,3,1707.318,1764.971,0.003,True
noind,Red onion,2,1,3,1710.038,1760.004,0.002,True
noind,Red onion,4,1,2,1734.937,1788.747,0.0,True
noind,Red onion,2,1,2,1745.442,1791.564,0.0,True
noind,Red onion,2,1,0,1746.326,1784.761,0.0,True
noind,Red onion,3,1,0,1747.32,1789.599,0.0,True
noind,Red onion,2,1,1,1747.499,1789.778,0.0,True
noind,Red onion,4,1,0,1747.922,1794.045,0.0,True
noind,Red onion,3,1,1,1749.154,1795.277,0.0,True
noind,Red onion,3,1,2,1751.258,1801.224,0.0,True
noind,Red onion,4,1,1,1751.318,1801.284,0.0,True
noind,Red onion,1,1,3,1766.957,1813.08,0.0,True
noind,Red onion,1,1,2,1810.821,1853.1,0.0,True
noind,Red onion,1,1,1,1855.919,1894.354,0.0,True
noind,Red onion,0,1,3,1890.958,1933.237,0.0,True
noind,Red onion,0,1,2,1947.61,1986.045,0.0,True
noind,Red onion,1,1,0,2011.907,2046.499,0.0,True
noind,Red onion,0,1,1,2188.812,2223.404,0.0,True
noind,Red onion,0,1,0,2562.15,2592.899,0.0,True
noind,Squash,4,1,3,530.719,588.372,0.002,True
noind,Squash,3,1,3,533.414,587.224,0.001,True
noind,Squash,2,1,3,541.236,591.202,0.001,True
noind,Squash,1,1,3,548.454,594.576,0.0,True
noind,Squash,2,1,2,578.078,624.201,0.0,True
noind,Squash,4,1,2,581.904,635.713,0.0,True
noind,Squash,4,1,1,590.941,640.907,0.0,True
noind,Squash,3,1,2,595.033,644.999,0.0,True
noind,Squash,2,1,0,601.464,639.899,0.0,True
noind,Squash,3,1,0,601.517,643.796,0.0,True
noind,Squash,4,1,0,601.909,648.031,0.0,True
noind,Squash,2,1,1,601.921,644.2,0.0,True
noind,Squash,3,1,1,603.347,649.47,0.0,True
noind,Squash,0,1,3,652.351,694.63,0.0,True
noind,Squash,1,1,2,676.828,719.107,0.0,True
noind,Squash,1,1,1,691.848,730.283,0.0,True
noind,Squash,0,1,2,814.185,852.62,0.0,True
noind,Squash,1,1,0,859.188,893.78,0.0,True
noind,Squash,0,1,1,969.8,1004.392,0.0,True
noind,Squash,0,1,0,1353.582,1384.331,0.0,True
noind,Tomato,4,0,3,1240.49,1302.033,0.593,False
noind,Tomato,3,0,3,1242.202,1299.898,0.451,True
noind,Tomato,2,0,3,1249.352,1303.203,0.035,True
noind,Tomato,3,0,2,1285.496,1339.346,0.0,True
noind,Tomato,4,0,2,1311.997,1369.694,0.0,False
noind,Tomato,3,0,0,1312.826,1358.983,0.0,True
noind,Tomato,4,0,0,1313.227,1363.231,0.0,True
noind,Tomato,3,0,1,1313.636,1363.639,0.0,True
noind,Tomato,4,0,1,1313.691,1367.541,0.0,True
noind,Tomato,2,0,2,1368.675,1418.679,0.0,True
noind,Tomato,2,0,1,1380.167,1426.325,0.0,True
noind,Tomato,1,0,3,1380.333,1430.337,0.0,True
noind,Tomato,2,0,0,1520.98,1563.291,0.0,True
noind,Tomato,1,0,2,1522.175,1568.332,0.0,True
noind,Tomato,1,0,1,1674.518,1716.829,0.0,True
noind,Tomato,0,0,3,1910.531,1956.688,0.0,True
noind,Tomato,1,0,0,2042.805,2081.269,0.0,True
noind,Tomato,0,0,2,2186.586,2228.897,0.0,True
noind,Tomato,0,0,1,2581.03,2619.494,0.0,True
noind,Tomato,0,0,0,3032.277,3066.895,0.0,True
noind,Upo,4,1,3,366.579,424.233,0.214,True
noind,Upo,3,1,3,367.463,421.273,0.116,True
noind,Upo,2,1,3,373.027,422.994,0.058,True
noind,Upo,4,1,2,389.799,443.608,0.001,True
noind,Upo,1,1,3,397.666,443.788,0.0,True
noind,Upo,2,1,2,403.923,450.045,0.0,True
noind,Upo,4,1,1,427.123,477.089,0.0,True
noind,Upo,4,1,0,431.42,477.543,0.0,True
noind,Upo,3,1,2,431.541,481.507,0.0,True
noind,Upo,3,1,0,431.605,473.884,0.0,True
noind,Upo,2,1,1,432.292,474.571,0.0,True
noind,Upo,2,1,0,432.545,470.98,0.0,True
noind,Upo,3,1,1,433.341,479.463,0.0,True
noind,Upo,0,1,3,488.885,531.164,0.0,True
noind,Upo,1,1,2,514.121,556.4,0.0,True
noind,Upo,1,1,1,533.623,572.058,0.0,True
noind,Upo,0,1,2,631.771,670.206,0.0,True
noind,Upo,1,1,0,698.245,732.837,0.0,True
noind,Upo,0,1,1,780.588,815.18,0.0,True
noind,Upo,0,1,0,1157.422,1188.171,0.0,True
