Commodity,subset,n_months,rho_q,RMSE_CL,MAE_CL,MAPE_CL,RMSE_CLconst,MAE_CLconst,MAPE_CLconst,RMSE_CLrho05,MAE_CLrho05,MAPE_CLrho05,RMSE_Flat,MAE_Flat,MAPE_Flat
Cabbage,all,102,0.69,6.7,5.28,5.56,6.4,4.95,5.2,6.97,5.45,5.77,7.57,5.97,6.35
Cabbage,test,20,0.69,6.78,5.69,5.66,5.47,4.43,4.29,6.79,5.59,5.64,6.22,5.37,5.45
Carrot,all,102,0.86,14.75,11.21,9.57,9.0,6.72,5.74,14.89,11.48,9.85,9.93,7.77,6.61
Carrot,test,20,0.86,21.07,15.81,10.71,8.52,7.0,4.86,21.65,16.54,11.18,12.19,10.17,6.87
Tomato,all,102,0.85,12.0,8.93,10.04,11.16,8.24,9.23,11.89,8.71,9.65,11.29,7.97,8.66
Tomato,test,20,0.85,15.46,12.26,12.81,14.09,11.01,11.28,15.89,12.09,12.4,15.43,11.4,11.42
Eggplant,all,102,0.98,6.05,4.84,7.53,4.84,3.62,5.26,9.42,7.27,11.05,5.29,3.91,5.73
Eggplant,test,20,0.98,7.65,6.67,6.98,6.66,5.31,5.42,13.06,9.86,10.34,6.84,5.49,5.61
Ampalaya,all,102,0.83,7.07,5.3,5.9,5.06,3.81,4.31,7.88,6.16,6.87,5.92,4.6,5.31
Ampalaya,test,20,0.83,10.4,7.48,6.8,7.17,5.69,5.18,10.31,7.86,7.13,6.66,5.4,4.93
Squash,all,102,0.77,3.54,2.59,6.54,3.39,2.41,6.02,3.8,2.73,6.87,4.07,2.92,7.28
Squash,test,20,0.77,5.96,4.51,8.5,5.83,4.39,8.24,6.16,4.43,8.35,6.64,4.81,9.06
Patola,all,102,0.99,6.41,4.38,4.56,5.68,3.5,3.43,10.64,8.12,8.86,5.85,3.66,3.64
Patola,test,20,0.99,4.34,3.65,4.05,3.38,2.33,2.52,9.85,7.31,7.89,5.27,3.68,3.9
Upo,all,102,0.98,3.12,2.5,5.93,2.39,1.92,4.53,4.96,3.72,8.44,2.4,1.88,4.51
Upo,test,20,0.98,3.27,2.52,4.04,2.74,2.18,3.58,7.06,4.6,7.15,2.31,1.76,2.92
Red onion,all,102,0.91,23.48,15.27,7.58,22.17,14.0,6.91,27.93,18.92,9.73,26.8,15.66,7.69
Red onion,test,20,0.91,23.85,18.63,8.94,20.2,14.95,6.99,27.1,21.06,10.13,23.11,16.3,7.6
Native garlic,all,102,0.95,11.06,8.17,5.34,9.24,6.15,4.03,10.58,7.9,5.2,9.95,7.1,4.66
Native garlic,test,20,0.95,12.04,9.33,4.79,7.04,5.61,2.88,9.62,7.64,3.92,6.85,5.14,2.63
