series,Commodity,ADF_stat_lvl,ADF_p_lvl,KPSS_stat_lvl,KPSS_p_lvl,ADF_stat_diff,ADF_p_diff,KPSS_stat_diff,KPSS_p_diff,suggested_d
indicator,Cabbage,-4.031,0.001,0.889,0.01,-9.25,0.0,0.017,0.1,1
indicator,Carrot,-3.901,0.002,1.194,0.01,-6.66,0.0,0.018,0.1,1
indicator,Tomato,-2.891,0.046,0.105,0.1,-8.285,0.0,0.026,0.1,0
indicator,Eggplant,-1.402,0.581,2.276,0.01,-6.655,0.0,0.041,0.1,1
indicator,Ampalaya,-3.115,0.025,1.514,0.01,-6.46,0.0,0.023,0.1,1
indicator,Squash,-3.471,0.009,1.32,0.01,-7.01,0.0,0.02,0.1,1
indicator,Patola,-1.326,0.617,1.956,0.01,-7.506,0.0,0.071,0.1,1
indicator,Upo,-1.69,0.436,2.616,0.01,-7.179,0.0,0.026,0.1,1
indicator,Red onion,-3.484,0.008,0.824,0.01,-6.057,0.0,0.035,0.1,1
indicator,Native garlic,-2.419,0.137,0.985,0.01,-7.305,0.0,0.035,0.1,1
noind,Cabbage,-3.747,0.004,0.886,0.01,-6.858,0.0,0.018,0.1,1
noind,Carrot,-2.425,0.135,1.193,0.01,-6.769,0.0,0.019,0.1,1
noind,Tomato,-2.916,0.044,0.105,0.1,-6.829,0.0,0.026,0.1,0
noind,Eggplant,-1.309,0.625,2.276,0.01,-6.007,0.0,0.041,0.1,1
noind,Ampalaya,-2.484,0.119,1.513,0.01,-5.945,0.0,0.024,0.1,1
noind,Squash,-2.649,0.083,1.32,0.01,-6.956,0.0,0.02,0.1,1
noind,Patola,-1.087,0.72,1.957,0.01,-4.634,0.0,0.071,0.1,1
noind,Upo,-1.287,0.635,2.615,0.01,-8.351,0.0,0.027,0.1,1
noind,Red onion,-2.93,0.042,0.823,0.01,-4.5,0.0,0.036,0.1,1
noind,Native garlic,-1.526,0.521,0.984,0.01,-6.584,0.0,0.036,0.1,1
