Commodity,model,n_months,RMSE,MAE,MAPE,rel_RMSE_vs_psa_naive
Ampalaya,psa_naive,20,9.5877,7.112,6.3648,1.0
Ampalaya,causal_weekly_naive,20,10.3018,7.417,6.6204,1.0745
Ampalaya,arima_fourier,20,10.037,6.9499,6.1912,1.0469
Ampalaya,sarimax,20,10.0508,6.9361,6.1763,1.0483
Ampalaya,xgb,20,10.2737,7.3674,6.5811,1.0715
Ampalaya,blend50,20,10.1524,7.1367,6.365,1.0589
Ampalaya,gated,20,10.0508,6.9361,6.1763,1.0483
Cabbage,psa_naive,20,10.6759,8.4535,8.2388,1.0
Cabbage,causal_weekly_naive,20,9.652,7.7839,7.6265,0.9041
Cabbage,arima_fourier,20,9.4196,7.7038,7.556,0.8823
Cabbage,sarimax,20,9.4549,7.7055,7.5571,0.8856
Cabbage,xgb,20,9.5831,7.7832,7.6291,0.8976
Cabbage,blend50,20,9.5011,7.6998,7.5552,0.89
Cabbage,gated,20,9.4549,7.7055,7.5571,0.8856
Carrot,psa_naive,20,20.4955,16.7585,11.32,1.0
Carrot,causal_weekly_naive,20,19.2738,15.6843,10.5198,0.9404
Carrot,arima_fourier,20,19.615,16.2657,10.7599,0.957
Carrot,sarimax,20,19.6979,16.3238,10.8028,0.9611
Carrot,xgb,20,19.4313,15.96,10.6479,0.9481
Carrot,blend50,20,19.5256,16.1419,10.7253,0.9527
Carrot,gated,20,19.6979,16.3238,10.8028,0.9611
Eggplant,psa_naive,20,9.7152,7.441,7.694,1.0
Eggplant,causal_weekly_naive,20,9.748,7.5988,7.8357,1.0034
Eggplant,arima_fourier,20,9.6833,7.5813,7.8226,0.9967
Eggplant,sarimax,20,9.6714,7.556,7.7961,0.9955
Eggplant,xgb,20,9.6783,7.6412,7.8773,0.9962
Eggplant,blend50,20,9.6651,7.5926,7.8302,0.9948
Eggplant,gated,20,9.6714,7.556,7.7961,0.9955
Native garlic,psa_naive,20,9.4771,7.4825,3.8534,1.0
Native garlic,causal_weekly_naive,20,10.1819,8.1528,4.1787,1.0744
Native garlic,arima_fourier,20,11.5304,9.3492,4.7613,1.2167
Native garlic,sarimax,20,11.5177,9.338,4.7551,1.2153
Native garlic,xgb,20,10.2415,8.0705,4.1379,1.0807
Native garlic,blend50,20,10.7618,8.57,4.3791,1.1355
Native garlic,gated,20,11.5177,9.338,4.7551,1.2153
Patola,psa_naive,20,7.3308,4.9415,5.1941,1.0
Patola,causal_weekly_naive,20,7.5708,5.3429,5.586,1.0327
Patola,arima_fourier,20,7.4179,5.1579,5.3832,1.0119
Patola,sarimax,20,7.4361,5.1787,5.4055,1.0144
Patola,xgb,20,7.6185,5.3569,5.6283,1.0392
Patola,blend50,20,7.5232,5.2678,5.5169,1.0263
Patola,gated,20,7.4361,5.1787,5.4055,1.0144
Red onion,psa_naive,20,30.3338,19.4245,9.4941,1.0
Red onion,causal_weekly_naive,20,30.7721,21.9044,10.7283,1.0144
Red onion,arima_fourier,20,30.0916,21.2413,10.4011,0.992
Red onion,sarimax,20,29.9685,21.0684,10.3155,0.988
Red onion,xgb,20,30.3877,21.8572,10.7163,1.0018
Red onion,blend50,20,30.1575,21.4628,10.5159,0.9942
Red onion,gated,20,29.9685,21.0684,10.3155,0.988
Squash,psa_naive,20,7.6043,5.038,9.4064,1.0
Squash,causal_weekly_naive,20,7.4528,5.2053,9.7727,0.9801
Squash,arima_fourier,20,7.3518,5.291,9.8284,0.9668
Squash,sarimax,20,7.3504,5.2967,9.8382,0.9666
Squash,xgb,20,7.5888,5.3888,10.0858,0.998
Squash,blend50,20,7.4573,5.2956,9.895,0.9807
Squash,gated,20,7.3504,5.2967,9.8382,0.9666
Tomato,psa_naive,20,20.772,16.2,17.3565,1.0
Tomato,causal_weekly_naive,20,19.3018,15.6929,17.1232,0.9292
Tomato,arima_fourier,20,18.5044,15.1539,16.2949,0.8908
Tomato,sarimax,20,18.5235,15.1739,16.3131,0.8917
Tomato,xgb,20,18.7878,15.2504,16.5657,0.9045
Tomato,blend50,20,18.6096,15.2121,16.4394,0.8959
Tomato,gated,20,18.5235,15.1739,16.3131,0.8917
Upo,psa_naive,20,3.9961,2.879,4.716,1.0
Upo,causal_weekly_naive,20,4.2342,3.1759,5.1744,1.0596
Upo,arima_fourier,20,4.1991,3.1443,5.1085,1.0508
Upo,sarimax,20,4.1828,3.1181,5.0671,1.0467
Upo,xgb,20,4.1938,3.1825,5.1819,1.0495
Upo,blend50,20,4.184,3.1342,5.1013,1.047
Upo,gated,20,4.1828,3.1181,5.0671,1.0467
