config,mean_rel_rmse,median_best_trees,max_depth,learning_rate,min_child_weight,subsample,colsample_bytree,reg_lambda,reg_alpha,gamma
56,0.9627,10,5,0.0437,3,0.9725,0.4718,0.7702,0.0021,0.5
4,0.9631,7,4,0.0969,10,0.9883,0.9359,8.8305,0.0052,0.1
17,0.9654,8,3,0.0856,10,0.7797,0.5633,0.7135,2.1812,0.0
38,0.9658,6,5,0.1088,5,0.8123,0.7636,12.2783,0.1702,0.0
57,0.9694,16,3,0.035,10,0.9097,0.8027,1.7119,2.1039,1.0
43,0.9694,7,3,0.0768,5,0.7575,0.5908,3.2155,1.7243,1.0
47,0.9698,8,4,0.1032,10,0.6538,0.7216,3.3326,1.4864,1.0
5,0.9703,76,3,0.0114,5,0.6617,0.8098,7.8005,3.7913,0.1
9,0.9706,8,5,0.0733,10,0.8821,0.8684,2.7176,0.127,0.0
15,0.9718,19,3,0.0381,10,0.7524,0.5809,5.1135,0.0218,1.0
46,0.9722,38,5,0.0135,20,0.9611,0.9877,9.6353,0.7643,1.0
49,0.9725,19,4,0.0301,3,0.7466,0.5965,2.0272,0.344,0.0
44,0.9727,68,5,0.0114,5,0.6947,0.5496,4.1126,0.0347,0.0
34,0.9731,7,4,0.0915,20,0.6495,0.9565,2.1673,0.013,0.0
59,0.9733,20,4,0.0315,5,0.8919,0.7318,15.8024,0.7697,0.5
2,0.9742,6,5,0.1054,5,0.7802,0.6225,15.2652,0.2408,0.0
36,0.9748,10,4,0.0668,20,0.6561,0.6515,17.6576,0.1602,0.0
41,0.975,6,3,0.1183,1,0.7241,0.4863,14.9424,0.0041,0.0
30,0.9752,40,4,0.022,1,0.6964,0.4737,10.7266,0.0037,1.0
39,0.9757,26,3,0.0307,5,0.7704,0.7912,12.2671,0.0477,0.5
18,0.9759,48,3,0.0183,10,0.8317,0.5061,11.7847,0.6394,0.1
13,0.9769,6,2,0.1047,5,0.8657,0.6438,10.0712,0.0041,0.1
7,0.9769,17,4,0.037,10,0.9331,0.8202,1.5827,1.1981,0.1
45,0.9772,24,3,0.0306,1,0.8095,0.461,10.8198,0.0016,0.1
8,0.9778,18,5,0.0319,20,0.873,0.4839,1.0453,0.0011,0.1
35,0.9782,5,2,0.0728,5,0.9822,0.5719,15.1554,0.0012,0.5
12,0.9782,4,3,0.1289,1,0.6233,0.5688,1.4768,0.2808,0.0
25,0.9784,16,2,0.0721,3,0.8908,0.8612,0.744,2.4451,1.0
10,0.9789,43,2,0.0141,5,0.7884,0.7391,8.4051,0.2227,0.5
19,0.9803,21,3,0.0365,10,0.8509,0.7505,5.4962,0.0021,1.0
default,0.9812,9,3,0.05,1,1.0,1.0,1.0,0.0,0.0
28,0.9813,18,2,0.0368,20,0.9567,0.8492,13.3682,2.0176,1.0
16,0.9813,33,2,0.0142,3,0.9634,0.8198,1.3332,3.8455,1.0
51,0.982,5,3,0.1113,10,0.8131,0.7798,1.4475,0.5228,0.0
27,0.9823,26,2,0.0239,20,0.806,0.5536,15.7968,0.0041,0.5
22,0.9829,21,5,0.0424,5,0.6331,0.692,3.0557,2.9444,1.0
33,0.9832,13,5,0.0456,1,0.8777,0.7487,1.0448,0.9428,0.0
60,0.9834,22,3,0.0309,10,0.8871,0.9707,0.7741,1.3999,1.0
55,0.9848,11,2,0.0543,1,0.829,0.6796,3.4376,0.6695,1.0
40,0.9854,26,2,0.0203,20,0.9266,0.4632,0.6391,0.158,0.5
3,0.9854,18,3,0.0377,20,0.6909,0.7328,0.6327,1.1518,0.1
20,0.986,48,3,0.0113,1,0.7319,0.4867,0.7322,0.1492,0.1
21,0.9861,3,5,0.1598,1,0.8324,0.6081,4.4223,0.0012,0.0
6,0.9861,24,3,0.0303,1,0.6758,0.478,2.8912,0.0069,0.1
26,0.9863,50,2,0.0112,1,0.7484,0.8979,9.8591,0.0149,0.5
31,0.9883,10,4,0.0602,1,0.9498,0.5179,1.5708,0.7509,0.1
58,0.9887,26,5,0.0225,10,0.7258,0.4946,0.8624,2.9021,0.1
48,0.9891,24,3,0.0317,10,0.7066,0.4839,2.9145,0.0348,0.5
29,0.9901,21,2,0.0258,5,0.9088,0.797,1.9842,0.0022,0.5
24,0.9902,4,2,0.1189,1,0.6561,0.7324,0.7463,0.3066,1.0
42,0.9908,43,3,0.0158,5,0.6085,0.4332,0.9523,0.0016,0.0
53,0.9928,5,4,0.1651,1,0.655,0.9753,9.5948,0.157,0.1
23,0.9931,16,2,0.0413,5,0.7068,0.5989,3.4129,0.042,0.1
14,0.995,46,2,0.0131,10,0.7848,0.4968,3.1745,0.0037,0.5
32,0.9952,10,5,0.0448,5,0.6056,0.5378,0.8131,0.3211,0.0
11,0.9958,15,4,0.0534,5,0.7216,0.4185,2.5039,0.0062,0.1
37,0.9964,5,2,0.1113,20,0.787,0.8709,0.534,0.0025,0.1
54,0.9973,6,5,0.1083,20,0.7014,0.754,0.71,0.1902,1.0
50,0.9975,5,3,0.1716,10,0.7924,0.597,3.6039,1.3766,1.0
1,1.002,16,2,0.0372,10,0.9434,0.8184,0.7077,4.0625,0.5
52,1.0157,8,2,0.0802,5,0.6528,0.7686,0.7101,0.4835,1.0
