feature,base,lag,frequency,in_consensus
y_L1,y,1,1.0,True
y_L2,y,2,0.1,False
y_L3,y,3,0.9,True
y_L4,y,4,0.5,True
y_L5,y,5,0.2,False
y_L6,y,6,0.0,False
y_L7,y,7,0.3,False
y_L8,y,8,0.5,True
rain_sum_L1,rain_sum,1,0.7,True
rain_sum_L2,rain_sum,2,0.4,False
rain_sum_L3,rain_sum,3,0.2,False
rain_sum_L4,rain_sum,4,0.5,True
rain_sum_L5,rain_sum,5,0.1,False
rain_sum_L6,rain_sum,6,0.1,False
rain_sum_L7,rain_sum,7,0.1,False
rain_sum_L8,rain_sum,8,0.3,False
rain_max_L1,rain_max,1,0.2,False
rain_max_L2,rain_max,2,0.5,True
rain_max_L3,rain_max,3,0.1,False
rain_max_L4,rain_max,4,0.1,False
rain_max_L5,rain_max,5,0.3,False
rain_max_L6,rain_max,6,0.1,False
rain_max_L7,rain_max,7,0.2,False
rain_max_L8,rain_max,8,0.4,False
wind_max_L1,wind_max,1,0.3,False
wind_max_L2,wind_max,2,0.3,False
wind_max_L3,wind_max,3,0.5,True
wind_max_L4,wind_max,4,0.0,False
wind_max_L5,wind_max,5,0.2,False
wind_max_L6,wind_max,6,0.4,False
wind_max_L7,wind_max,7,0.4,False
wind_max_L8,wind_max,8,0.1,False
t_mean_L1,t_mean,1,0.2,False
t_mean_L2,t_mean,2,0.2,False
t_mean_L3,t_mean,3,0.0,False
t_mean_L4,t_mean,4,0.1,False
t_mean_L5,t_mean,5,0.2,False
t_mean_L6,t_mean,6,0.1,False
t_mean_L7,t_mean,7,0.2,False
t_mean_L8,t_mean,8,0.2,False
t_max_L1,t_max,1,0.2,False
t_max_L2,t_max,2,0.1,False
t_max_L3,t_max,3,0.3,False
t_max_L4,t_max,4,0.1,False
t_max_L5,t_max,5,0.1,False
t_max_L6,t_max,6,0.4,False
t_max_L7,t_max,7,0.4,False
t_max_L8,t_max,8,0.5,True
t_min_L1,t_min,1,0.2,False
t_min_L2,t_min,2,0.3,False
t_min_L3,t_min,3,0.3,False
t_min_L4,t_min,4,0.5,True
t_min_L5,t_min,5,0.3,False
t_min_L6,t_min,6,0.3,False
t_min_L7,t_min,7,0.4,False
t_min_L8,t_min,8,0.2,False
rain_roll4_L1,rain_roll4,1,0.3,False
rain_roll4_L2,rain_roll4,2,0.2,False
rain_roll4_L3,rain_roll4,3,0.2,False
rain_roll4_L4,rain_roll4,4,0.3,False
rain_roll4_L5,rain_roll4,5,0.3,False
rain_roll4_L6,rain_roll4,6,0.2,False
rain_roll4_L7,rain_roll4,7,0.3,False
rain_roll4_L8,rain_roll4,8,0.0,False
diesel_pct_L1,diesel_pct,1,0.4,False
diesel_pct_L2,diesel_pct,2,0.8,True
diesel_pct_L3,diesel_pct,3,0.4,False
diesel_pct_L4,diesel_pct,4,0.1,False
diesel_pct_L5,diesel_pct,5,0.4,False
diesel_pct_L6,diesel_pct,6,0.1,False
diesel_pct_L7,diesel_pct,7,0.2,False
diesel_pct_L8,diesel_pct,8,0.6,True
