week_end,Cabbage,Carrot,Tomato,Eggplant,Ampalaya,Squash,Patola,Upo,Red onion,Native garlic
2018-01-07,103.58142239620523,99.54903453307082,74.49273901499072,40.831091473615075,75.45418278608214,28.13171651804653,107.6363849242116,27.596365852469987,200.05029501897636,135.52431585292987
2018-01-14,103.8415950068794,98.14718182473209,74.06962886808161,40.71888193539387,75.87231845648043,28.063668125923563,107.87634486569306,27.819418467842382,196.53681140475635,134.03712065297825
2018-01-21,103.1733315916385,96.56554398265901,74.67596448194612,40.99386721050921,77.42757879431161,28.62499959184634,108.00994897239661,28.581448603491424,188.6784280112989,132.10177834492404
2018-01-28,101.56365094161173,94.77823966034495,76.32166771208385,41.65615953784918,80.12592011576291,29.81961583036034,108.03732120689665,29.88276729212565,176.45446488230496,129.69678512534443
2018-02-04,98.98128454762042,92.7560220597884,79.03366824771524,42.70602924081267,83.97767649398045,31.65582721529878,107.95848696611131,31.72390568423019,159.83275369375093,126.79541884735517
2018-02-11,95.68139316710956,91.16904088090216,80.669335895597,43.32345704365302,85.33366567743343,32.53757363884512,107.89958396550173,32.458693911888446,147.2105322341401,124.52067411145596
2018-02-18,91.59987546176805,89.991327340759,81.25543612633082,43.50869495771805,84.19908081618628,32.470988989163125,107.86055755279858,32.08743188866285,138.55458413120968,122.8472759761368
2018-02-25,86.65744677731975,89.20360976324747,80.80155967096509,43.261818590319805,80.56957669162131,31.455610068689843,107.84137151793027,30.609968079033663,133.8421305741632,121.75663112878306
2018-03-04,80.7580990163311,88.79299822437197,79.30027946023014,42.582727175593945,74.4312530751764,29.484373371891543,107.84200805941998,28.02569943654791,133.0607703694294,121.23662129331302
2018-03-11,77.52545962015034,88.56116480300936,78.60801427939884,42.55797810914201,70.57394084999524,28.03481539861905,107.86144868722465,26.841896710876227,130.95903248913928,120.94732328192399
2018-03-18,76.89673363958738,88.50431586135554,78.71343615278488,43.187561289303986,68.98286733096015,27.09685226731918,107.89971143904006,27.05807671723248,127.53138604413436,120.88552267226723
2018-03-25,78.85970789180124,88.62152114400163,79.61827016558908,44.47173368880617,69.65193904501962,26.663959017078536,107.95683181638935,28.674327692353927,122.76881091219047,121.0505327909021
2018-04-01,83.45251371571432,88.91469855557274,81.33732269256649,46.41101945964884,72.58371839448287,26.733124216591115,108.03286281755948,31.691309330516233,116.65877400085557,121.44418708359126
2018-04-08,86.32119457849663,88.9877920586675,82.31163524947053,48.01745636980594,74.80809116681603,27.456770495619466,108.03518151881644,34.01884457702458,112.52068191058055,121.53768661824384
2018-04-15,87.52147543024128,88.84199772879109,82.5571511326869,49.29170010781242,76.33357623646656,28.839931915235084,107.96379007153223,35.65788344626533,110.34364492533825,121.33207027857827
2018-04-22,87.07667207140162,88.47492984054551,82.07788787485009,50.234270773152744,77.16601588667947,30.892230467922253,107.81862223622147,36.609094933695154,110.12193400043088,120.82505343859822
2018-04-29,84.97814406891521,87.88058182848675,80.86600298628642,50.84555308854779,77.30859818420078,33.62794301317793,107.59954332107702,36.872867288901105,111.85496568605575,120.01100257785941
2018-05-06,81.18512691330847,87.04922799787204,78.90166562336479,51.125796556983474,76.76186918889309,37.066100594795216,107.3063500570014,36.44930817406868,115.54730059191195,118.88087268679827
2018-05-13,80.56178988222264,86.48518782549408,78.72578164111115,50.37177139114361,76.09575215753813,39.120729353267635,107.42244089766223,35.68833033173114,118.32589679172426,118.11234894039679
2018-05-20,83.09602447470908,86.17923156307761,80.33547293799775,48.58316982565465,75.30769600363286,39.80612235821936,107.94792355620905,34.589623158687374,120.19806638075514,117.69689218591708
2018-05-27,88.8370589259551,86.12635265360123,83.75707991706449,45.75926181906148,74.39468263977926,39.12704756098919,108.88328559387219,33.1527382030301,121.1687361210812,117.62988623719833
2018-06-03,97.89641447989884,86.325685805819,89.04659251069614,41.89889475585086,73.35321541905208,37.07878096298768,110.22939487233612,31.37708898110392,121.24046040675577,117.91058658369947
2018-06-10,103.53327763368736,86.45816665936438,93.23121863155127,39.723565299315524,73.21925154414635,35.596730186077714,109.8324265122751,30.476141914349768,122.61880756391324,118.08974736264214
2018-06-17,105.85714607387129,86.52596308274995,96.37943397978935,39.23238555988148,73.99227796192415,34.670585311811266,107.69201219252966,30.449529269270897,125.30740482191456,118.1693592493481
2018-06-24,104.91316161267953,86.5301844719948,98.54275480656334,40.42515505602243,75.67525519909182,34.29390359323684,103.80616596167022,31.297240183563268,129.3133274367014,118.15030682033635
2018-07-01,100.68298708069337,86.47089990437735,99.75658090722048,43.30236063243062,78.27462870038748,34.46406463579051,98.17128239535782,33.01962066168167,134.64711730989234,118.03237838195096
2018-07-08,99.16609050899383,88.03126347561097,99.36214324556705,44.897541802626776,79.89711270646953,35.20307224668149,97.78233046700109,34.163126485493066,138.05701409873708,120.17482460703482
2018-07-15,100.3330057457857,91.23680840777011,97.35298738713962,45.21134966096592,80.54892098587183,36.51606734842035,102.63894929336857,34.72822439206855,139.55199121583766,124.60145045364382
2018-07-22,104.20640045486414,96.1399890724721,93.69623623607303,44.2439122922885,80.23254982562189,38.41218381997566,112.7456450156385,34.71514503361479,139.13598281150294,131.36144065340687
2018-07-29,110.86151644149751,102.8210393351393,88.33205204625895,41.99483482419912,78.94678759148893,40.90461203680188,128.1117949803587,34.12388307161817,136.8078941267738,140.52990620854422
2018-08-05,120.42763124611571,111.38928547279725,81.17265725822762,38.463199265894204,76.68671008768274,44.01069062997233,148.7516564400695,32.95419717466564,132.5615986124797,152.20871895855677
2018-08-12,126.08742762673802,114.3378618572628,76.93385194834083,36.64156740024963,74.10506556198187,45.18609482354671,158.6713300573275,31.992831664621672,131.41114087487304,156.20702811878098
2018-08-19,127.95084875443617,111.71501792028178,75.54627384789134,36.52919570405511,71.19196686513905,44.43900134234968,157.88001965300566,31.239394147400482,133.35349339359146,152.5692593465527
2018-08-26,126.05409212008152,103.47783439743088,76.98721713341723,38.1260383113118,67.93625744895348,41.76421301433821,146.37699102158206,30.693577097484905,138.39376762263115,141.25499298884725
2018-09-02,120.3603126810068,89.4915210128816,81.28026087686351,41.43274699451304,64.32546863906542,37.14312261636098,124.15157124988912,30.355157732405598,146.5452274415428,122.1385149750229
2018-09-09,116.90358472793986,84.19569703972343,84.56604160553509,44.247113158728,62.20061298098777,33.992714292617265,110.3482336453327,30.32213134082011,151.00624976188521,114.91148048861302
2018-09-16,115.61676032707959,87.5037035402137,86.89832664044658,46.57028552483992,61.553552729647066,32.29107215911586,104.95417098745645,30.59448444256857,151.78857411608016,119.4935891464348
2018-09-23,116.4748425446623,99.46967152981506,88.31528064580564,48.40321232646768,62.381809781953116,32.0263587053629,107.96437847585378,31.172328202182364,148.89425925242872,135.935753266908
2018-09-30,119.49449987433977,120.28940775744832,88.8400901417,49.7466416970001,64.68855618619122,33.19673244646258,119.38164908654596,32.055898474257205,142.31568855286784,164.4206635624839
2018-10-07,124.73439002745872,150.303598815929,88.4813429198806,50.60112197495535,68.48262629029267,35.81033511278789,139.21657616339996,33.245555899720486,132.03554998924128,205.26481903644495
2018-10-14,127.94127094092651,166.91738769105973,87.34787872542756,51.15436466399724,72.2240540531744,37.036337120564276,152.62629035693055,34.08303994159783,123.94734575480032,227.9504184651623
2018-10-21,129.1774371980048,170.40263638261516,85.4211499624317,51.40659557746706,75.92716834711972,36.88326717941113,159.62323366999897,34.56869243011051,118.02979110155951,232.72952406451049
2018-10-28,128.46690168345754,160.8163762328206,82.66962834204395,51.357917666759434,79.60615131197775,35.35006045495513,160.2138981118644,34.702711590763904,114.2673135172736,219.6552370078149
2018-11-04,125.79586204073775,138.00174116649808,79.04828896502161,51.00831106333841,83.27509266974182,32.426051161287106,154.39883172169857,34.48515212525629,112.65001174514174,188.5822874388907
2018-11-11,123.49877244877756,121.35375639196185,75.96090695257666,50.34129307710454,86.09555206818655,30.436307540987045,150.39096450958505,33.940192064838186,111.86390251786456,165.78195092442812
2018-11-18,121.53101128216997,110.600000340174,73.35696150814181,49.356591455817366,88.07833126671028,29.366987899304995,148.1865778358424,33.06760897683193,111.90691712694931,151.00089039204394
2018-11-25,119.85435421480501,105.56450245756004,71.19384261535353,48.05380428044886,89.23102388777568,29.21065349090756,147.7836263932469,31.867046704875015,112.77916876873586,144.07487183582293
2018-12-02,118.43623170135108,106.16486368785887,69.43615378323898,46.4323998011309,89.55804449886745,29.966216772084124,149.18173630932642,30.33801522355035,114.48295284228159,144.92693949402934
2018-12-09,116.96750079944361,106.93103716381049,68.54011056091797,44.81409272672171,89.00215827150511,30.232075794711093,150.3471106687631,29.51166266398788,115.60235615625992,146.01137852071346
2018-12-16,115.41963098926396,107.87556026956682,68.49105042293431,43.19822252372229,87.5612362797115,30.010080012858857,151.2808307467344,29.38765173942845,116.14032450886575,147.3402382383941
2018-12-23,113.76255445495919,109.01388883776751,69.28817056703006,41.58412965327376,85.22976009883722,29.29868510804502,151.98376288145823,29.965931833168295,116.0982736062905,148.92828375504544
2018-12-30,111.96408200867904,110.36465006316497,70.9445147773814,39.97115530195926,81.99880067116834,28.092942246149093,152.4565592780076,31.246738977898676,115.4760927882637,150.79316002085247
2019-01-06,109.98927780635208,111.94994731126569,73.4871868683395,38.35864111290154,77.85598410953504,26.384463650740592,152.69965861345008,33.230595952046016,114.27214473684346,152.95558788321307
2019-01-13,106.4571101843919,110.18802741623199,75.05411534270976,39.365866595141156,76.57382538554967,25.27075217628538,152.13737051009957,34.39169693162304,113.6543666719601,150.51701380343187
2019-01-20,101.29896577175116,105.05005896159965,75.67094084825466,42.99324286112086,78.147414104099,24.744060264700405,150.76917325734314,34.73051583539683,113.62113286186403,143.4503425139558
2019-01-27,94.41464613098904,96.45196609992945,75.34775689324664,49.24225047258268,82.58277677516892,24.800723972252843,148.5937973938121,34.24719095679761,114.17235584916018,131.6770554449019
2019-02-03,85.67042137483084,84.25305276621198,74.07927501296746,58.115440044875996,89.89689989409567,25.44113748125615,145.60922452953116,32.94152502036462,115.3094862206571,115.06633829550248
2019-02-10,81.30264899506096,78.13652150614654,76.09425914431421,63.76551811263177,94.04505228767633,25.979045612309676,143.71648253470175,31.930842887836683,116.51094525701347,106.71682632391511
2019-02-17,81.22648375809536,78.00228362638673,81.42568175489043,66.19479083016155,95.04312049699263,26.418190335020764,142.91381525695726,31.2147320358944,117.77989469253522,106.53574717489974
2019-02-24,85.44044613231941,83.8481425070817,90.16078430559662,65.40424973735152,92.89492691093139,26.76162656919955,143.2004779534641,30.79290017439414,119.11967386784235,114.52108885791169
2019-03-03,94.02639354776117,95.76975765718856,102.44250483817167,61.393572164366915,87.59224440512074,27.01174343647511,144.5767365999185,30.665175127065815,120.53380851760652,130.76157739165126
2019-03-10,101.09031771328614,103.64809990448647,109.9484244555418,59.88249698172878,84.32241382508762,27.75891651558362,147.34836379438616,31.067330818082127,121.21415881737343,141.54433048374256
2019-03-17,106.7694373856729,107.61208757665875,112.80136729690058,60.87040742405658,83.07291241541925,29.0083435322927,151.51793114972793,31.999531392623048,121.16251516266863,146.98915650187527
2019-03-24,111.17407109648853,107.72658592652266,111.04801788147007,64.35770672010177,83.83895485156792,30.768716152805606,157.08930733668564,33.4621573407191,120.37874164913774,147.15655351291755
2019-03-31,114.38978012126498,103.9934685634395,104.65968503699789,70.34581825733223,86.62347491307655,33.052280447525874,164.06766167337042,35.45580565255308,118.86077571490294,142.04838148365903
2019-04-07,116.47903053186279,96.35164811237722,93.53183240784713,78.83718616290538,91.43713671932937,35.87492208111247,172.45946892153876,37.98129006212981,116.60462271276906,131.60788294710753
2019-04-14,118.78422251654086,92.81655872584867,86.6732714547692,84.10991395064583,95.22887178617603,38.50099974881314,178.75767605603767,39.74263947171619,114.63083658079123,126.76527369037035
2019-04-21,121.35013509201298,93.33035348662001,83.97177118035007,86.16615375434289,98.01320165217051,40.948781817011906,182.9681267742098,40.74057279943869,112.93422314493807,127.46674694392794
2019-04-28,124.22661184738897,97.901439945322,85.38312521646279,85.0067448555492,99.80078970828872,43.23529633487883,185.09472767981225,40.975497365022605,111.51031763300992,133.72009685504216
2019-05-05,127.46952917021574,106.60461769855131,90.93042844733488,80.63121402614344,100.59848203644779,45.376449490364266,185.1394519077067,40.44750905604602,110.35537292523853,145.5948050893922
2019-05-12,128.79765423438573,110.64649117788154,95.02989666139584,76.58532840017735,100.38695800410046,46.63456310001035,183.03073903089916,39.3495574413743,108.71752913807211,151.12303728846942
2019-05-19,128.23678625091557,110.09320013115602,97.7486120657852,72.86743659576508,99.16540751920796,47.01838925849284,178.7666325116682,37.681194377491266,106.59247615628132,150.36621825448626
2019-05-26,125.77603019805734,104.93569070488297,99.13106273075648,69.47602110604511,96.92915230331748,46.5305980608273,172.3431759625218,35.44173889988108,103.97462173517721,143.3159388870648
2019-06-02,121.36758518237053,95.08956729026889,99.19987057628185,66.40969767979972,93.66962797475104,45.167796176942986,163.7544094753219,32.6302769450834,100.8570767841778,129.8938627487894
2019-06-09,117.09596523631262,89.14344972846646,100.7601693354165,63.03768141809179,90.69070799018672,43.536049243334624,156.7558534280867,30.185180520230876,98.90447359187228,121.75489304785378
2019-06-16,112.87819291495447,87.00003791391902,103.83749116967357,59.358595987752906,87.98098371989624,41.62400597698577,151.34101431520622,28.105451626782653,98.1116737288071,118.80859678758057
2019-06-23,108.6323367789501,88.62425783511578,108.48219225452263,55.37093972126071,85.53007749646153,39.418365207347904,147.50486805915278,26.390241395802676,98.47659087955327,121.02223734285585
2019-06-30,104.27591985278407,94.04268763622176,114.77027678953397,51.07308500381329,83.3286028705163,36.903783346458354,145.2438553489671,25.03884974148245,100.00018535240206,128.42041071984917
2019-07-07,99.72431748582162,103.3439925321641,122.80464070346237,46.46327760899557,81.36812866264201,34.062767650937026,144.5558783378042,24.050725075391536,102.68646660649269,141.08531884497174
2019-07-14,97.28562336043952,110.63040336927469,126.80232011113827,43.89448466813896,80.18266249351475,31.79276374345962,144.0025804367989,23.143367075928705,104.99545201363651,151.06457508163186
2019-07-21,96.91246514247801,116.02115232488791,126.82873158468728,43.365657694329016,79.76766427993365,30.07798029249589,143.58344827676376,22.316405392890225,106.93321785122083,158.46906005468156
2019-07-28,98.59759412632387,119.60445165464111,122.88430731185846,44.876580839821955,80.12154466703817,28.906488369691267,143.2980929721901,21.56950249089516,108.50486350302876,163.38104581937702
2019-08-04,102.37374442672072,121.43893716574837,114.90450216818726,48.42787080794132,81.24565894141723,28.270138466017592,143.14624976042404,20.902353511616205,109.71452487867026,165.8551099953258
2019-08-11,106.07476635167662,122.0144920660306,107.96999135651122,50.0649823945504,80.71070161360322,27.63774306433657,143.37087342417948,21.05848707825659,110.57553771677169,166.62430316252414
2019-08-18,109.77255331559589,121.3405345265833,101.96730106354832,49.78858380845965,78.51462391085141,27.004902892288683,143.97217237716552,22.037966918802795,111.09016784059115,165.69717191171873
2019-08-25,113.53893589283508,119.40603615130632,96.79820544814102,47.59856223391945,74.64901532281075,26.36721558345969,144.9507045256271,23.841192820944748,111.25976953992824,163.0634147845673
2019-09-01,117.44707714725092,116.17934151224077,92.37811930930988,43.494023784573315,69.09907139105898,25.72024505222295,146.30737778599018,26.468900795254786,111.08478913504439,158.6937678129904
2019-09-08,118.85823105402065,113.1181999958955,87.93363004728013,40.471541567722866,64.42427706623505,25.16938113419073,146.3741825253783,28.28257393132244,110.48512207941258,154.50745721994173
2019-09-15,117.79980968328714,110.17252019563949,83.39200965594583,38.52988191715657,60.60672888071197,24.710791732541935,145.15118072757033,29.282952503897057,109.45919030183381,150.45796844327657
2019-09-22,114.2512528957799,107.2941000783776,78.6789407107214,37.66825231873385,57.631806437183435,24.34128666013464,142.63723764862962,29.47044483076346,108.00429398184085,146.50030716325386
2019-09-29,108.1436289562014,104.4358382240092,73.71730026523055,37.886301086902236,55.48811641565298,24.058295446899933,138.83002076405046,28.84512743940195,106.1166044449073,142.5904993656514
2019-10-06,99.35829551446089,101.55096307491736,68.42589783945613,39.184117221159354,54.16744893944244,23.859849458310986,133.72599760455807,27.406745098224214,103.79115408698837,138.6851027416068
2019-10-13,93.44096893219324,98.70789695015651,66.68743420156275,40.15741137209979,54.65856736291436,24.354326938734786,128.5483985473905,26.604831838720397,104.30309171880975,134.80646910850936
2019-10-20,90.27670344015667,95.86011694950335,68.47346176474866,40.80658080264244,56.96335256513737,25.545167731513434,123.29241963465915,26.439060349355884,107.65376454466508,130.91150253710245
2019-10-27,89.80403227189663,92.96102303658344,73.81320643459318,41.13189047990308,61.09063138305615,27.44065594650971,117.95318418489893,26.90936296829832,113.85199012462292,126.9569256210371
2019-11-03,92.0137736541447,89.96317549282185,82.79404585114827,41.133473183339575,67.0562104163989,30.053977588697528,112.52573826831087,28.01593165580032,122.91407957863018,122.89879861680136
2019-11-10,93.36861123757818,86.52768299051041,89.28357008329859,41.10072507550832,71.59979529343865,32.230438278989595,108.50619908110963,28.96000041212433,139.83693639453523,118.19493648866609
2019-11-17,93.89486313157641,82.59832837961133,93.38797134575205,41.03363278983433,74.73878697753422,33.98517861349229,105.89083715394594,29.741954571456475,164.66509440606498,112.79307410187427
2019-11-24,93.60275193040214,78.11081313012804,95.17441256825785,40.93216894171111,76.48520713896518,35.33040548148908,104.67722586235129,30.362113298759787,197.46389087114304,106.63319076323924
2019-12-01,92.48660329003252,72.99170517434169,94.67212642536613,40.79629211732369,76.84574419537103,36.27547698293129,104.86423917523052,30.820729720045385,238.31963841204734,99.64684332455384
2019-12-08,90.91024344791578,71.104160255654,93.65309739167914,40.43192021360575,76.7204955632723,36.534223108023866,104.81678434429813,30.86739164794617,270.3063980514198,97.07871633170073
2019-12-15,88.84305116114182,72.41729127539537,92.10065044664562,39.838904507332714,76.1089815670567,36.108443829810994,104.53481733929863,30.502118128147174,293.50834547252236,98.90027504031471
2019-12-22,86.2448706255193,76.95258583207078,89.98938191298322,39.017002951274904,75.0088602382281,34.995177205487664,104.01807654136132,29.724760069415595,307.98653843172576,105.13175899160271
2019-12-29,83.06523143754013,84.78425783660757,87.28474376014113,37.96588007541301,73.41591834616543,33.18667877158035,103.26608250026158,28.535000182747936,313.77907743681817,115.8424068961345
2020-01-05,79.24236819228841,96.04046192180729,83.94247827289097,36.68510684999809,71.32405526234591,30.670367669418386,102.27813748956953,26.93235285186411,310.90120601149636,131.1512259528493
2020-01-12,76.94768116704795,103.14721234151867,81.78039721345876,36.190823632173206,69.68864714928581,29.208056330971853,102.69138277145953,25.926533728293393,305.81684911552645,140.8584383606365
2020-01-19,76.13659540696065,106.22080137533705,80.76312107359922,36.4828286736862,68.5034307418713,28.78957215562546,104.50620176938816,25.517132273618145,298.51262686233997,145.0719020351384
2020-01-26,76.79335533806619,105.311524116543,80.87400351647831,37.561241160266505,67.76386691343566,29.412003949115928,107.72427833603501,25.703981385203804,288.96931761442863,143.8384332394046
2020-02-02,78.93071871075041,100.40450148272001,82.11485898207042,39.42650126027719,67.46712329187002,31.079681671745846,112.34859831563676,26.487157327993884,277.16180740008747,137.14432676459404
2020-02-09,80.57826387252587,96.78747168066245,82.49950127389224,40.52981068288558,67.45748504629354,31.458457393821988,115.29367621590688,26.941485455929154,262.48615531167275,132.18265465590065
2020-02-16,81.76799486159256,94.40124694997303,82.03422453853722,40.871619758467446,67.73491526427638,30.550966076889367,116.56224458335072,27.067151209061876,244.9037412121107,128.89828722322818
2020-02-23,82.5230225442898,93.20677997687686,80.71141515669954,40.452068000930595,68.30047644452573,28.350894737873574,116.15548044016464,26.86420587953603,224.3682955906123,127.2547314951023
2020-03-01,82.85801355031599,93.18452493817782,78.50942715667642,39.2709841646613,69.15633456602971,24.84293853267711,114.07300637631931,26.33256663252341,200.8257778008057,127.23372574121046
2020-03-08,83.15682425681152,93.38371284813263,76.5270114016327,38.40542259574967,70.21191297331315,22.37149651924312,113.28620482331922,26.60092524401972,184.03342663646671,127.51640932889372
2020-03-15,83.42525914761515,93.8076031452679,74.7317283610313,37.855030003757534,71.47125430708473,20.91937605747812,113.79434575910568,27.66939124815204,173.94705169979486,128.10592318690425
2020-03-22,83.66853264761724,94.46313221626396,73.09420067602602,37.61958173864947,72.93918157670788,20.47647543982204,115.59790065464952,29.53840075349352,170.5401098988506,129.0088174692198
2020-03-29,83.89137041446152,95.36102690046441,71.58763243904403,37.698981699091874,74.62131663130027,21.03971361849979,118.6985429114003,32.20871662106671,173.80363559731634,130.23512433453277
2020-04-05,84.09810113580278,96.51598001997432,70.18737071529836,38.0932622932328,76.52410169021995,22.613008772145815,123.09914941392611,35.6814287757154,183.7462170207149,131.79846941468003
2020-04-12,88.42733326819425,96.9888042452277,69.66318697671007,38.761522051393186,78.59554082568049,23.641918228848738,125.51079772545816,38.40941571739623,190.59256443883166,132.4378860535313
2020-04-19,96.96316338983988,96.78723669991047,70.00650367119312,39.70403373266028,80.84356720883898,24.133599619611736,125.93572545783127,40.39379091016691,194.36069455539902,132.16047888040717
2020-04-26,109.87140245367732,95.90797900600835,71.22293870829368,40.9211820356776,83.27679030243944,24.09147333671839,124.37432687389057,41.63536430308578,195.0605235023024,130.96316559338402
2020-05-03,127.40279671278584,94.33664331034842,73.33239738861879,42.413463755672424,85.90452883322328,23.515246327765947,120.82515325330002,42.13464266080284,192.69389293466608,128.83264271149497
2020-05-10,139.13178555183643,92.95300174876948,74.75973372173037,42.998670547880934,87.59597520980945,23.045557160709127,117.61891477683145,42.22064543791187,190.53371011943509,126.93928846263847
2020-05-17,145.28620794942668,91.73441291390023,75.52830412035206,42.6770412722192,88.35760731193801,22.679138432646646,114.75263658404339,41.89340773758748,188.57429036499,125.26206557738286
2020-05-24,145.9856153291421,90.66093626117008,75.6506851910068,41.44844465143093,88.19234202851081,22.413441143731102,112.22365924156051,41.152795993421066,186.8104773035573,123.78233824589194
2020-05-31,141.24359388031266,89.7150058089889,75.12887953303253,39.31237921750791,87.09954642865503,22.24661696499614,110.02963627556011,39.998507914904806,185.23762932181577,122.48366505337137
2020-06-07,130.96802847364506,88.88114269541192,73.95434850838969,36.26797310700819,85.07503533773304,22.17750538041577,108.16853199463057,38.43007236404786,183.85160734613018,121.351616297682
2020-06-14,122.62419402427759,89.30559714205424,75.5056027200152,33.795502725795714,83.31848034070453,22.525356936256763,107.31697896460295,37.07093806053577,181.3641201915306,121.94095625068945
2020-06-21,116.0500091503776,90.99531476713365,79.80802632773569,31.89395890228731,81.82315420566601,23.292591469429304,107.47418708472745,35.92055025567386,177.76862183918863,124.25823313409381
2020-06-28,111.11776842163607,93.97794549542415,86.93202262695016,30.56256549614649,80.58333015167479,24.48454626364242,108.64030221820903,34.97843940341873,173.05565045133534,128.3291944688218
2020-07-05,107.73166164458665,98.3022960115705,96.99416610255489,29.800779081492365,79.59425991639637,26.109513178334122,110.81640632754193,34.24422096872932,167.21280347168644,134.1990731585926
2020-07-12,104.52348952270617,102.18397901301147,103.22052411512044,29.675752436358962,76.97856341539297,27.24408399019964,110.52065195377935,33.26505504176113,162.4405441683619,139.51044275217652
2020-07-19,101.43093239063863,105.68651294886149,105.7129825230342,30.18743452946184,72.72622308759685,27.896151365756328,107.75276468564675,32.04054196295188,158.72631396424737,144.3223184672801
2020-07-26,98.39391643742773,108.86721201079816,104.5123270093348,31.33603421063482,66.82095337430584,28.070251425877593,102.51017638031814,30.570181931045525,156.0603385693321,148.6881655896267
2020-08-02,95.35344675547665,111.77812400165317,99.59891048379804,33.1220202960741,59.240138348958325,27.767595301416453,94.78802278060323,28.853374799089764,154.43560225889252,152.6564935316868
2020-08-09,92.11854456170214,112.84493366501924,94.83564125933165,34.19926520213609,53.648499187169456,27.423754247766375,88.81361301131935,27.492000845640845,153.25880523308786,154.10531183395645
2020-08-16,88.6263709514205,112.08509788629695,90.14457493044439,34.56820862061842,50.02462110065996,27.036336327162818,84.58140380567053,26.485504407861,152.52685065763936,153.05071847757202
2020-08-23,84.80908944875387,109.48618298910716,85.44894859357262,34.229001140672054,48.35462540739642,26.60264645841898,82.08746837161064,25.833474670877322,152.23781233629632,149.48099575857367
2020-08-30,80.59254826359296,105.0056612751323,80.6719247268403,33.181504310263804,48.63211637919191,26.119667668534902,81.3294927484273,25.535645500103342,152.3909296418971,143.3564800911947
2020-09-06,75.89483987176627,98.57021511632541,75.73533384879175,31.425290579667163,50.85815674742774,25.58404010505923,82.30677365976933,25.59189533261248,152.98660551471949,134.6091213013532
2020-09-13,74.08584752986621,93.78453471346123,75.08488952560474,30.544832845571833,52.82563881194195,24.926547923756125,84.30195637098024,26.113511695724057,155.81791799674323,128.06849491937544
2020-09-20,75.13043104182603,90.57030893267466,78.70994812289979,30.53977173747127,54.54209761042848,24.14261726597304,87.31689208251365,27.10070749407616,160.89231791028894,123.661927318795
2020-09-27,79.04888174253314,88.87494135209832,86.66982878135994,31.410105189609922,56.014106814881444,23.2267947010472,91.35437815740113,28.553885664729435,168.2231589393402,121.34045663738327
2020-10-04,85.91731666284039,88.67068959314088,99.09478409357817,33.15618844013012,57.247303907360575,22.17270928939643,96.41816071674282,30.473639341631028,177.82973277081518,121.07828875645771
2020-10-11,91.52948354860096,88.57333725473707,110.38008103564727,34.42390713173599,58.15604396543878,21.65541976312282,100.15879651669351,31.7398532930559,185.3910530460545,120.95066719298214
2020-10-18,95.9944003542623,88.58129129862195,120.71038810298293,35.213778700629305,58.74380727018962,21.671327586391488,102.57975625026384,32.353044341025296,190.92701797630883,120.95617392958448
2020-10-25,99.39879937179653,88.69468188187741,130.2547466839597,35.5261255433676,59.01284483001424,22.220543422320723,103.68328616875277,32.313462767599745,194.45219589034173,121.094870152227
2020-11-01,101.80881203039479,88.9153644867748,139.16933719172087,35.361075148459136,58.964187001524785,23.306887902812772,103.47041016589898,31.621092417034546,195.97586357213794,121.36829693005015
2020-11-08,103.30006335784046,90.54723729650519,146.87987148211334,35.62564756012945,59.75556839738523,23.841691195607197,102.67458593496085,31.094774956669156,197.37606209168968,123.60761311750352
2020-11-15,103.90152133968968,93.61700368431866,153.51252193443437,36.31995076711736,61.39001983996281,23.828673671436512,101.2950750823218,30.734295563050594,198.65647618194322,127.83770000555883
2020-11-22,103.62486947007258,98.17489619110678,159.17582282881284,37.444268158487276,63.873800930527,23.26774477361085,99.33059764945887,30.539507101732212,199.8204753536624,134.10555855963887
2020-11-29,102.46473370692422,104.29549851243516,163.96244636170235,38.99905863929736,67.2164240221905,22.15500238805832,96.7793309253519,30.510330067219726,200.87112276256218,142.48083165256685
2020-12-06,100.39857807967313,112.07896595901636,167.95071910000456,40.98495681790577,71.43069065019802,20.482705698183857,93.63890775530834,30.646752550519366,201.81118327024518,153.05657787426395
2020-12-13,98.67284981095767,117.01688946627468,168.38004014137834,42.389070508651244,74.79001078948279,21.602860584108868,89.45721229258157,30.47866724659299,202.17840146737484,159.79101661319334
2020-12-20,97.25402613325912,119.19007141887431,165.25743473922776,43.21197281916103,77.30724992142926,25.523259427648448,84.2303646135461,30.006005549193944,201.97374371762794,162.75897496645428
2020-12-27,96.11454598893025,118.6340729760397,158.53180571424508,43.45399962792966,78.99204853632996,32.271174568583874,77.95351506571654,29.228574535180243,201.19667144797873,161.99343024908262
2021-01-03,95.23227464873068,115.33979598143348,148.09309731874868,43.115249721409,79.85085905441231,41.89354802528672,70.62083976806898,28.146056885770903,199.8451397314019,157.48587640866361
2021-01-10,96.70269812051913,114.04635497635527,138.55154966250626,44.23404134408601,82.36839841581879,49.68935814569755,65.95429873930354,28.09067504815509,197.62566038451013,155.71630984845
2021-01-17,100.55437980277065,114.73258456254014,129.7510283293249,46.81083114560262,86.55430826065697,55.712836652393186,63.94956219908431,29.06240641750101,194.53239267217995,156.66506871777278
2021-01-24,106.86213971896805,117.4097139513984,121.54752478829785,50.8466708768981,92.42461973301332,60.00588600455062,64.60477008257948,31.06164761885715,190.55719641622105,160.34269478184672
2021-01-31,115.74850791805805,122.12155071474774,113.80679989057202,56.343207819495106,100.00181487682471,62.59837089331529,67.92053031463018,34.089214669040686,185.68961057385462,166.79005055249468
2021-02-07,127.38610465586221,128.94519763598845,106.40218722873009,63.30268545786011,109.31491273732257,63.50832599617422,73.89991937380202,38.14634330970482,179.91682570865342,176.0787733160574
2021-02-14,133.04316039248403,132.38983102140793,101.41247416557532,67.56464246802638,113.11701111928303,63.10330312698652,77.69015162718182,40.77417938719485,175.94573524633688,180.7816632012447
2021-02-21,132.82956506119817,132.51181759913132,98.75601085098342,69.13081842428382,111.42267125055159,61.380484735357754,79.2947437851079,41.97379548766513,173.76588894884637,180.95097454011395
2021-02-28,126.7411695113164,129.31315351315772,98.38932788526103,68.0018525821247,104.22540416992925,58.32788599769408,78.71518464442815,41.74568125034055,173.37155037855683,176.58858856976383
2021-03-07,114.65970490974337,122.74149698753473,100.30642500169645,64.177284139164,91.49764587583024,53.92427144451601,75.95093646985708,40.089743567368814,174.76168180238864,167.64603433496825
2021-03-14,104.77534541567945,117.32282853538885,98.68974702007591,61.75697982501801,82.59907063819841,50.51231140584074,73.98570037506681,39.00366949597431,175.7119264242208,160.22621977844113
2021-03-21,96.89608450561927,112.968479036594,93.51283920979134,60.73995176037444,77.49559880718718,48.06827050748613,72.81765294512454,38.48701574061765,176.22478488779507,154.24670251622103
2021-03-28,90.8688652722295,109.6071954993517,84.69098853394696,61.125784831737874,76.16768517152902,46.57514672581149,72.44571042468243,38.53957142221519,176.30160682064712,149.64104346761667
2021-04-04,86.57660724994197,107.18397510214346,72.07983743602912,62.914636521994126,78.61024410453402,46.02255311277038,72.86952771243317,39.16135799206542,175.9425943857581,146.3580686431991
2021-04-11,82.6427218637899,104.86397196856808,64.33505271082836,63.82017378940999,79.97297209679671,45.27921622782292,73.41098139503264,39.03358606582445,175.0712336091105,143.1951288213526
2021-04-18,78.99079225972046,102.60922241098524,61.329901517386894,63.8427662410332,80.26108810658482,44.33996503176951,74.07057385218654,38.15620349168556,173.6852314360287,140.11708022627892
2021-04-25,75.54987865576956,100.38283052754358,63.015208654357444,62.98242309827283,79.47569555691486,43.19826560324625,74.84891707689621,36.5288521543127,171.78094049237313,137.08972231803276
2021-05-02,72.25314031641214,98.14836445105949,69.41855187489048,61.23879320066216,77.61378656142627,41.8461756853591,75.74673324328775,34.15086782866989,169.3533494861868,134.07941778652253
2021-05-09,70.04508269538606,95.761802796937,73.94140949350285,60.18501814097222,76.58389238658474,39.99680604562208,76.14132339576618,32.55455177325008,166.89609584069433,130.81510323720755
2021-05-16,68.88281363890353,93.18409273810865,76.65779190759014,59.820667806933,76.382068756827,37.63729150393266,76.03305364890596,31.739252430479652,164.40271309893376,127.26050850842879
2021-05-23,68.74375573655703,90.37305356452086,77.61214901120096,60.14559348412304,77.00754273059219,34.751218046087814,75.42182354624107,31.704637025116696,161.86663972737432,123.37613810319979
2021-05-30,69.62520774863434,87.28268645333311,76.82009755693987,61.15992779526739,78.46270974012035,31.31850863933723,74.30706596705761,32.45069142842409,159.28120184872222,119.11883235035138
2021-06-06,71.5442921337608,83.86242176090784,74.26867670282806,62.864084754370666,80.75314276544796,27.315283566068842,72.68774660019959,33.97772015240339,156.63959567908643,114.44128785262967
2021-06-13,74.37681647608755,82.67543622297688,72.73555614391613,64.9076827001664,83.2112839589328,25.253710082418756,71.737299182264,35.957021167043436,154.7693740698669,112.84720456879153
2021-06-20,78.177803374908,83.70230643982877,72.19564845287637,67.29155575426513,85.84654747833723,25.11944680763117,71.45484185482215,38.389402350308885,153.66561538524968,114.31887046234976
2021-06-27,83.02108809296934,86.95983574228465,72.64011877658278,70.0166769260771,88.6690258222461,26.911559736316267,71.84011254406482,41.27585651084645,153.32541499711732,118.87263737656622
2021-07-04,89.00075282766845,92.50132915529383,74.07624026578686,73.08415850995756,91.68952848218936,30.64251574102147,72.89346871764194,44.61756179321118,153.74787764129076,126.55910272159879
2021-07-11,93.0367408199256,96.24956155419797,75.40941769606712,75.1571052084088,93.65854748542702,33.229676180802144,73.67708512005665,46.90679487666479,154.25701856009562,131.64462202375054
2021-07-18,95.20745229625705,98.26586765097909,76.66146669810084,76.23636312212388,94.58362375580133,34.6910386935003,74.19168881807403,48.14449014205782,154.85417759805497,134.1857010530453
2021-07-25,95.55505395085821,98.58324154540279,77.85287534646677,76.32237276453743,94.4683001386031,35.03676927920435,74.43775727904281,48.33115277113096,155.5409262263215,134.2105740209198
2021-08-01,94.08629804575524,97.20687662846863,79.00313941904729,75.41516924162507,93.31213496891527,34.26927302024951,74.41551881390622,47.46685895271263,156.31907167812744,131.71951729368362
2021-08-08,93.14117874561049,96.32543918790273,78.83603779013679,74.90788153113586,92.8067248010059,33.67098474566926,74.25067433698153,46.91812668348125,156.27910162453242,130.4630120789078
2021-08-15,92.70133683643267,95.92450570195047,77.34883606944403,74.80030257686026,92.95013402146586,33.23774245007523,73.94307089978511,46.68473199108193,155.4209108811852,130.42709720753913
2021-08-22,92.75822826274464,95.99751544084154,74.51719822881219,75.09238846902191,93.74291185709706,32.96653227401979,73.4924230970659,46.766579612375,153.7422410513923,131.61137362545142
2021-08-29,93.3129581568506,96.54566310939433,70.29478837630373,75.78425842635194,95.18809447833372,32.85546753801736,72.89831280199665,47.16370295455296,151.23867458297028,134.02899995951032
2021-09-05,94.3763023063487,97.57791839673052,64.61251253251388,76.87619484475171,97.29121662712947,32.90377561781747,72.16018877822111,47.87626410877574,147.90362314310764,137.7068387245387
2021-09-12,94.72905985504173,96.33359262088564,61.713836279979986,77.44239735077709,97.45640443851461,33.51905112992805,71.32126227309571,47.97078883605137,145.17159130214398,140.18278832191913
2021-09-19,94.37808321968014,92.79232408734586,61.55132673456967,77.48309704749299,95.68429054666035,34.705574251824636,70.38075490120335,47.447315717901276,143.03538950260307,141.48435930273365
2021-09-26,93.31655457826668,86.89616476556238,64.12232464917622,76.99831054701984,91.9680881324064,36.471599057398706,69.33779402683808,46.305631091828545,141.48939616080207,141.62601356676905
2021-10-03,91.52385343190493,78.5486320484514,69.46890089876592,75.98783997731626,86.29356493118756,38.82941093660205,68.19141195434341,44.54526896410785,140.52954287321015,140.6093250502924
2021-10-10,90.05866503752141,73.92652934361806,73.11327410730787,75.02843219877859,82.76559594036183,40.44406521342039,67.6206050883938,43.528990728556224,142.51099188996764,140.11850480329377
2021-10-17,88.89252768952412,72.95422224316482,75.11507947276003,74.11969561639485,81.37066978932623,41.326794265431595,67.6248438143713,43.256381577730664,147.43895755059268,140.14809926747316
2021-10-24,88.00278883483124,75.61580026726628,75.50707381019342,73.26125931727456,82.10344420771509,41.483738816475736,68.20413206511452,43.727330242589616,155.32640818577133,140.69843727021032
2021-10-31,87.37216504051828,81.95481651086213,74.29567157240243,72.45277291925466,84.9667255656411,40.915990654733996,69.35900732456741,44.94202894707827,166.19410024454285,141.77563367820238
2021-11-07,86.98840625816699,92.07500033066594,71.46104981367772,71.6939064278868,89.9714796214966,39.619600227776864,71.09054112647591,46.90097348658618,180.0706329165363,143.391657340427
2021-11-14,86.37793298597265,99.30644077852168,69.29150182871172,71.04492523527985,93.37887133989705,38.656327410633416,71.94662217714189,48.19192566510738,191.04730530322777,143.87993820872475
2021-11-21,85.52888660519955,103.7674705163034,67.75152592320497,70.5055644511509,95.20195030614681,38.01947117501049,71.92804477857109,48.81541240189877,199.1530033845822,143.24590162607663
2021-11-28,84.42477414592233,105.53108821244747,66.81592249143104,70.07560392824156,95.44769852479769,37.70460121666025,71.03479169400201,48.7716881813423,204.40905794502427,141.48250274156447
2021-12-05,83.04414790634578,104.62615306561811,66.46938165905175,69.75486817246058,94.11705715924,37.70952713587246,69.26603413191289,48.0607351568177,206.82930070708144,138.57014823424916
2021-12-12,82.4465440733783,104.6440606842072,68.22516004518643,70.92432715125035,94.36888911505028,37.85906519474681,68.25251767617937,48.05203302480028,212.38953132098996,136.93682021649204
2021-12-19,82.62035402083922,105.58510410197351,72.11198856888088,73.58445819480657,96.20415885503783,38.154255658040725,67.9933019507086,48.745578233398916,221.10438197257557,136.5643705992069
2021-12-26,83.56895405690332,107.46468221120763,78.19346987870463,77.7363470709016,99.62989507182391,38.59715202462927,68.48814644606453,50.14165386229131,232.99678647934255,137.44866105331278
2022-01-02,85.31077100985742,110.31355174460623,86.56911912336393,83.38168842805699,104.65921760623871,39.19083531271478,69.73751029631501,52.24082973826417,248.09804064262428,139.59951702829983
2022-01-09,86.58792736061848,112.14200959913398,92.26491743100776,86.81565631493392,108.0636463809243,39.56347941275385,71.03190098775278,54.209623397053505,254.2241403677492,140.76855199851482
2022-01-16,87.42523223829897,112.97997599422868,95.37406877394304,88.0396523510788,109.85621963374078,39.71767663152933,72.37251950143182,56.04883842790771,251.39120696978247,140.9687552414045
2022-01-23,87.83895053075274,112.84116310726458,95.94745017414505,87.05417612671017,110.04380253884815,39.65449964534575,73.76060971019979,57.75922553083957,239.59178536083576,140.20235123744555
2022-01-30,87.83711883469522,111.72329945463679,93.99444423634439,83.85882540663444,108.62711349886169,39.373508962125335,75.19745953280707,59.34148282303387,218.79482443141123,138.4608243865939
2022-02-06,87.41970156890416,109.60809272202955,89.48309268155884,78.45229596606778,105.60072689618144,38.87274986407174,76.68440212888297,60.796256123793185,188.9455953369579,135.72482439050683
2022-02-13,85.90179195974345,107.33766396911082,85.25159172886757,75.10936394317118,103.75297108640868,38.05840088464875,77.07333969571742,61.127641167277275,166.78681351943365,133.79037485514925
2022-02-20,83.25390417687424,104.87486072537833,81.23069863540837,73.82866487589415,103.07676955793127,36.924796987477755,76.36463310321781,60.33577321268707,152.26016639510786,132.63598189679507
2022-02-27,79.42460223922701,102.1793825741164,77.35461696874283,74.60967602992359,103.56953260276799,35.46405223240452,74.55762478856632,58.420329048613,145.32742594523225,132.24881892701814
2022-03-06,74.33950085628884,99.2071216910317,73.55991993796184,77.45271618532233,105.23314739853731,33.66600491678507,71.65063814611024,55.380526861109914,145.97034811599232,132.62458413504308
2022-03-13,70.8999997814852,96.22783590822964,71.63085522163242,78.80862967370057,105.40557499683828,32.68323994776164,69.42855575570661,53.21280210992445,145.3085922451189,132.5261316440753
2022-03-20,69.03928571807569,93.19277327653704,71.53585630621458,78.67796992913493,104.08747575868549,32.508920699462756,67.88931589142622,51.91627000944324,143.34041686979523,131.95236753754847
2022-03-27,68.72121376069062,90.05226913470815,73.27336866400154,77.0606836211178,101.2738016444437,33.14183451624809,67.03149039257025,51.49040136289115,140.06064258113787,130.8969166587234
2022-04-03,69.93960527015776,86.75493341496745,76.87182431539343,73.95611063278865,96.95377688090929,34.586384276843106,66.85428333857267,51.935022346330086,135.46063839417707,129.34805177561313
2022-04-10,70.66895826982217,86.00402282282462,80.46499065856338,72.53205930447508,94.64790375527758,35.32755818571268,67.17349302156175,51.60696026543532,132.1084660808347,128.66015860604884
2022-04-17,70.92344065128646,87.78724973040815,84.11166496094509,72.78794839073721,94.34735126408899,35.3705122352664,67.98941561547007,50.50608121731621,129.99530413502274,128.82559389259092
2022-04-24,70.70799580793775,92.13379421438768,87.87152007475936,74.72388233609986,96.05096835524944,34.71554523628371,69.30280816187968,48.63193586358575,129.11559160425224,129.8461958050898
2022-05-01,70.01843866178453,99.11478154813736,91.80608090186861,78.34065131768303,99.76527951974629,33.35810089659779,71.1148892724315,45.98375924695718,129.4670134555477,131.73330436479552
2022-05-08,70.6103563290995,103.5345299132311,94.33990128975593,81.27055998704675,102.00885024952748,32.30225005117275,72.4089508160521,44.58150793512637,129.94243360222293,132.44894996980813
2022-05-15,72.49524698066162,105.46536246473416,95.51444375385948,83.51480422528,102.79027294313273,31.540647650649078,73.18619346840046,44.424609580619304,130.54310314992728,132.00108423796107
2022-05-22,75.70972515901269,104.9388746443983,95.34892807995551,85.07430005043933,102.11254028321821,31.067995591370973,73.44733838245313,45.51300014329105,131.27060280799697,130.38473088334496
2022-05-29,80.31623302646777,101.94645119698181,93.84064582974375,85.94968399143308,99.97305669789492,30.88100585901301,73.19262785761472,47.84712386418791,132.12684704921637,127.58193042424179
2022-06-05,86.40425332206138,96.439125193345,90.96491602094802,86.14131334782861,96.36362842024042,30.97837765543705,72.42182556453238,51.42793344686943,133.11408914790428,123.56154063332826
2022-06-12,90.70727146727134,92.55774476797146,87.65652293940032,85.69355720924018,93.64726924870904,31.35646312626108,71.87700625863057,53.95661070487053,133.93032077613663,120.67557676267916
2022-06-19,93.3088748260678,90.2387964229914,83.8613292437662,84.60623281806006,91.81357610562272,32.01789243128215,71.55766443746032,55.43418775135741,134.57768991188243,118.89197254706505
2022-06-26,94.25960029128255,89.44433373094148,79.51723176448078,82.87889636841403,90.85552633639067,32.96726681783951,71.46350380448675,55.86126767900227,135.05790015813056,118.19091016186803
2022-07-03,93.57791597827438,90.1613563932246,74.55314527006482,80.51084282501655,90.76945081423727,34.21119062949184,71.59443699417395,55.238024806142974,135.37221522605535,118.5646000250303
2022-07-10,92.77265576134646,90.55868862093841,70.66313504796521,79.21936896957801,90.65939460328799,35.46129846076595,71.61630947337125,54.55461378150484,138.22118718438657,119.43385855917089
2022-07-17,91.82817722938836,90.64283221417278,67.7835463854567,79.00394766991123,90.52493621167115,36.72628671396637,71.52914153613162,53.810755661811655,143.61231332775137,120.80834419244687
2022-07-24,90.72613361551488,90.41516406808975,65.86725874078917,79.86449099895641,90.36556069235496,38.01495530737622,71.33285230498733,53.00614683150515,151.5597808302113,122.7033289874502
2022-07-31,89.44511740584738,89.8719587039352,64.88291467977713,81.80135019888804,90.18065767101022,39.33626889208009,71.02725965590972,52.14045887881743,162.08450407993087,125.13986833079205
2022-08-07,87.96024449240494,89.00432730665938,64.81440675414947,84.81531582448157,89.96951900840611,40.6994192147542,70.61208004932726,51.213338461727304,175.21417971704045,128.1450348818429
2022-08-14,88.10956711634269,89.18435174018305,63.739709128031244,85.42674891958974,90.42812060634313,41.629971384925554,70.53318160423379,50.757228794999506,183.1033711001117,129.55103591460613
2022-08-21,89.8959859125394,90.414977858873,61.641235840267775,83.63589904874244,91.55821881136647,42.13439880899536,70.79049111588617,50.771943711422935,185.77283925910015,129.3734936627792
2022-08-28,93.35420257944995,92.71634318103507,58.48464823705929,79.44203525280751,93.36414165915498,42.216210547304954,71.38424732506861,51.25748921708664,183.22960911021346,127.61043543467503
2022-09-04,98.55139396956949,96.126106411941,54.21829306671701,72.84344575064496,95.85280544997674,41.875975724990425,72.31500113960396,52.21406349382899,175.46698794253354,124.24227169442588
2022-09-11,101.38665616144768,101.22693135328034,52.8627972848725,69.76711589684534,96.60636917025754,41.3235632136935,72.92904666779968,53.67874814813486,176.70314895478248,122.4066155002372
2022-09-18,101.91506493789227,108.10228604954773,54.39598005145928,70.21179004657166,95.62771880871342,40.55513014377036,73.22695364262009,55.6521410104756,186.94134520225526,122.08307067217359
2022-09-25,100.14688479122731,116.86467630486393,58.84292981174876,74.17764969947474,92.91310634268316,39.565330893865045,73.20899847259852,58.13504754732516,206.20851930665654,123.26804226770098
2022-10-02,96.04776831400608,127.65748668704322,66.27641483454568,81.66631357378289,88.45213538399891,38.347279903978205,72.87516449829889,61.12848118992356,234.5553743577341,125.9746966378808
2022-10-09,92.82845273712066,135.43321193733564,71.98691514084939,87.20011210172198,85.4082456199583,37.778058291901246,72.82191535062981,63.50992348558465,253.8090926772209,128.52105511652184
2022-10-16,90.42640193039936,140.31909119620053,76.06787528112666,90.78130397656959,83.76977960040121,37.85370625511538,73.0492016231656,65.28034645157216,264.0203419449056,130.93541057560907
2022-10-23,88.79495536667713,142.39507521514662,78.58607460312751,92.41135090929517,83.53046234908253,38.57475004032122,73.55723420007675,66.44047270950456,265.2159938693869,133.24458918691002
2022-10-30,87.9024217276472,141.69513464175665,79.58272000484831,92.090918225176,84.68937733184825,39.946205604285424,74.34648445179533,66.99077578030388,257.3991949030982,135.47424849055037
2022-11-06,87.7314632908962,138.2078159030115,79.07412022922631,89.81987513536275,87.25096294650473,41.97761350745297,75.41768467236943,66.93148027746777,240.54937452244332,137.64916247879268
2022-11-13,89.58844896053606,135.15411904394574,77.97105955691072,88.38376690622728,89.702556001452,42.928570594193665,75.67904473868089,66.26733018085919,235.59309172303946,138.8935682458471
2022-11-20,93.50945121681609,132.4840744795929,76.25548790417278,87.78200737114629,92.05354557647492,42.80569221815441,75.13080714976032,64.99805440880586,242.51730365541425,139.2212925224586
2022-11-27,99.5706366552893,130.1539905716272,73.8993322803313,88.01435091398254,94.31293546143534,41.608123573241,73.77246323155623,63.12313488956387,261.3402319299163,138.63597668947853
2022-12-04,107.88974554481803,128.12573867428188,70.86403741154159,89.08089236883553,96.48937863887141,39.32753374714102,71.6027526649691,60.641806349860715,292.1114105683205,137.13111723765144
2022-12-11,112.74092656290831,126.40971764420178,70.10679271186764,89.54308231416611,98.0933499040876,37.75725961396119,70.09440590500591,58.792903963305164,330.8542159140235,136.2131853792193
2022-12-18,114.21841529485415,124.97784713725827,71.61520690440572,89.40110939893181,99.13099212575924,36.886377527557634,69.24602345467284,57.57567307586204,377.67060271793537,135.87198187131062
2022-12-25,112.35091238383932,123.8066965451559,75.41396313048824,88.6549156750042,99.60627925282036,36.70882917776408,69.05681815499536,56.98961685859827,432.683771997961,136.10371556383754
2023-01-01,107.10214104917851,122.8771015854785,81.56522285563294,87.30419657351571,99.5210315338427,37.22337944562544,69.52661445466451,57.03449610489379,496.0384952522054,136.9109612756059
2023-01-08,102.92486743895229,120.92962302984589,85.48210686823387,88.1347665272689,100.42690371391501,38.4369966177326,70.08694370071687,57.1307759298294,537.6212566540543,136.75882209019284
2023-01-15,99.73794681291604,117.93239304734766,87.22870963395172,91.14696454440595,102.32736509074816,40.35812324832632,70.73832578626741,57.27849563129202,557.5414845229855,135.6456075722049
2023-01-22,97.47947232212718,113.83636605645208,86.83361192531648,96.34202009350692,105.22969402706197,43.00012369657592,71.48136508644696,57.47771550303817,555.8516005112857,133.55894867144218
2023-01-29,96.10557245061523,108.57451616094448,84.29034850709589,103.72205360540774,109.1450058251657,46.381377096034456,72.31675101916298,57.72851685930114,532.5471575557667,130.47566028900735
2023-02-05,95.58955879857726,102.06074036253473,79.55730234153725,113.29007733868401,114.08829529620104,50.52540520948078,73.24525868476535,58.03100206798082,487.56682817496653,126.36148366509553
2023-02-12,94.82328738547677,97.88538124567245,75.5290756841742,119.02824091554204,117.21300135728727,52.76637270586306,73.65041882616129,57.33977692215508,450.66242400621877,123.71631536664847
2023-02-19,93.79187316892134,95.9801147520817,72.13975209879531,120.93888644356356,118.53109096780724,53.11986892428665,73.53260736513143,55.654559289111276,421.73682819644785,122.51076463479451
2023-02-26,92.47528063137098,96.31376379368555,69.33386992673078,119.02279377806646,118.04761213052466,51.58835296887963,72.8917149920728,52.97466132491731,400.71392075668075,122.73143646140194
2023-03-05,90.8479345844526,98.89178808207389,67.06551473243769,113.279180840412,115.7607132243606,48.16117081560443,71.72714706457737,49.29898919366998,387.5383782462867,124.38078275565528
2023-03-12,89.07538739374097,100.95023581481381,66.00667911028702,108.87090859842694,114.07666474337742,45.566288877589805,70.70292329393513,47.24147861466555,368.4115560856785,125.28400812089524
2023-03-19,87.12320682070387,102.52279068207741,66.14003665918906,105.79617775731971,112.98901714020118,43.785655802223516,69.81809336943108,46.801289787667784,343.2831205323283,125.4511483945134
2023-03-26,84.9534711967386,103.63518539987446,67.46776959358033,104.05373332490923,112.49360495592606,42.80688457680732,69.07183631484652,47.978243043767876,312.0869441242537,124.88406069066103
2023-04-02,82.52403278386242,104.30562279085981,70.01160445238727,103.64286409938678,112.58853086729317,42.62316635803401,68.46345972672886,50.7728187720498,274.74093166038017,123.5764440348509
2023-04-09,81.60057682999246,104.11355665824485,71.84396283191487,102.92197213951,112.19804278634358,42.45883531736061,68.3358614968129,52.76888854311268,246.5137703170108,123.27765851815445
2023-04-16,82.16516493786393,103.05584410167765,72.99482877837355,101.89076320366225,111.3206452268098,42.312748282330254,68.68892323498847,53.96726707931181,227.3311780906101,123.9843843014973
2023-04-23,84.22876439371015,101.11517709750532,73.48303464361446,100.54881639023633,109.95297794271917,42.18388899530796,69.52297252431161,54.36844351474362,217.14267447531913,125.70447389358323
2023-04-30,87.8314612099493,98.25979927656869,73.31656925088701,98.8955839658404,108.08980305936664,42.071361043862254,70.83878322494756,53.97258159489196,215.92144761951855,128.45703940099094
2023-05-07,93.04323880749453,94.44298627452515,72.49270862103747,96.93039114172849,105.7239850133692,41.974381624852654,72.63757619218569,52.779519743463325,223.66428376832513,132.27266488491392
2023-05-14,93.97785000548282,92.35339284323935,72.10059314985813,95.17250788245407,103.26082137786008,41.416102648194936,73.56971077780541,51.690705079708906,229.4206492917685,136.13628355313102
2023-05-21,90.65344989500157,91.95682563565393,72.1338064023661,93.62121668464705,100.6908787601927,40.392640434051486,73.63605184894803,50.70569318948016,233.20569252017341,140.09082450195572
2023-05-28,83.0054610486172,93.24679537019018,72.59289186814783,92.27588436822545,98.00431482693772,38.89687524528043,72.83666095918468,49.82408202710765,235.02937409361434,144.1802270752639
2023-06-04,70.88531908529086,96.24441064250416,73.48536185482523,91.1359618179588,95.19084060984008,36.918401758829454,71.17079640562801,49.04551175130071,234.89649317412696,148.44992907942563
2023-06-11,62.88513635736874,102.71885704882087,74.24221433213322,89.89386574624827,92.9252465539189,35.83082007440263,70.03660897272374,48.7159278996689,232.62030409157043,150.7353182052335
2023-06-18,58.849507016457956,112.77608007578911,74.87583415879143,88.54908917510626,91.19885591598131,35.62656440636914,69.43304632161676,48.83519594819161,228.1948168746748,151.06178766519648
2023-06-25,58.700037802947634,126.58065246385014,75.39658965923601,87.10108321613576,90.00505698720116,36.304213845734,69.3595484457234,49.40336457770452,221.6083855044481,149.43296489775864
2023-07-02,62.43382523441443,144.35846721571778,75.81300228711066,85.54925684649676,89.33927777168097,37.868482475553634,69.81604715113826,50.4206656937708,212.84367726675816,145.8307518721706
2023-07-09,66.076738014396,157.04591358968648,77.98987161250946,84.15643643809359,88.69340432192824,38.66096062177688,70.09014467157039,51.26141402202701,208.13151484444364,143.5664565378923
2023-07-16,69.69954077045738,164.850604344603,81.96281913348442,82.92205349280017,88.0649630800503,38.687161175855714,70.18209532430676,51.925952725055836,207.4594978100772,142.6149200578762
2023-07-23,73.37260748717046,167.90025260191152,87.79685671856052,81.84560418084244,87.45154724980165,37.94726640251418,70.09198442438591,52.41455304314469,210.825857697779,142.96556980456657
2023-07-30,77.16728854098625,166.2447616967316,95.58745043731184,80.92664913515536,86.8508075790664,36.43612920767684,69.81972836375651,52.72741440499449,218.23945334935877,144.62230188625992
2023-08-06,81.15729670180077,159.85704177788753,105.46208273240873,80.16481327204623,86.26044336272265,34.14323733259701,69.36507453370245,52.86466450912066,229.71979422705752,147.60352443719734
2023-08-13,83.66876561253714,154.07362199405986,111.38495063040085,79.12637683972163,85.45374909506901,32.772916833355154,69.23721220515407,52.84170996457466,237.08340211483167,150.73698771331405
2023-08-20,84.75048127847288,148.79986456696784,113.45297378780069,77.81091598657623,84.42763530869743,32.31563504560873,69.43602274296131,52.658541402155336,240.34965492817548,154.0575079732335
2023-08-27,84.42345633725664,143.94947164780447,111.6999925835475,76.2178937898126,83.1781722061282,32.768210878660355,69.96169061050963,52.31508405918363,239.52714806922907,157.60197988651043
2023-09-03,82.6813382354326,139.4430731706198,106.09732187066268,74.34666003629015,81.70057460952171,34.133792686131294,70.81470354087215,51.81119774898913,234.61371704625844,161.4097864744034
2023-09-10,81.05953517969112,136.7821075103698,101.94899692538169,73.45964342564504,81.06220767179467,35.720826485683894,71.79755920485019,51.71716660422199,230.6757853375262,164.023766600138
2023-09-17,79.52654317963908,135.92303159261397,99.1871360667817,73.5564819102815,81.26062658339838,37.540352512445494,72.91116953037928,52.03295224482294,227.70298996485116,165.47296448733343
2023-09-24,78.05258342516049,136.85178781142542,97.76654520808566,74.63721501611168,82.2965912465475,39.605028338776165,74.15656776415332,52.75868356289017,225.68750778251604,165.77348233473634
2023-10-01,76.60902382447297,139.58357399583923,97.66397831706036,76.70228385868894,84.17406918548386,41.92921692694606,75.53490943030678,53.89465677528854,224.62403489004095,164.92865922954007
2023-10-08,75.82515518776,141.82084032407113,97.79886336209813,78.22634690976055,85.5857642306953,43.55942390550208,76.48481087226692,54.69627468145991,224.39358718000187,164.77308431448117
2023-10-15,75.68575064150384,143.60019660876483,98.17340755302693,79.21002623587744,86.53708287384441,44.506989844729844,77.00715344188706,55.16386447238706,224.99555821105668,165.3050289793923
2023-10-22,76.18810221233467,144.95075958912446,98.7937397947892,79.65372333880556,87.03166846292615,44.77850650768486,77.1024217869123,55.29761700104554,226.4315321174976,166.53040372055025
2023-10-29,77.34196822386977,145.89462938664684,99.67001097861379,79.55761931940255,87.07141515551578,44.375862705935475,76.7707043006524,55.09758686030462,228.70528777802582,168.46282381285678
2023-11-05,79.16976285495393,146.44725114347315,100.81656008750873,78.9216749515398,86.65647517298912,43.29625743912174,76.01169320399646,54.563692405208215,231.82280876016898,171.12376059067086
2023-11-12,80.91610627968323,146.8859843640936,100.62036340573059,78.39872934815084,86.36043090532192,43.17765693790169,76.10329008288971,54.624620970551874,235.00448814057532,173.3586607309816
2023-11-19,82.61492172090587,147.21800831939106,99.07821044212298,77.98856906205164,86.18214856595715,44.01923615531031,77.04557992412708,55.28039742513688,238.25869875971955,175.19235645757024
2023-11-26,84.29920915673296,147.44875612863402,96.16486596637235,77.69102668088057,86.12094537146746,45.826849555468726,78.83943701725212,56.53128943282253,241.59400432975724,176.64522216739886
2023-12-03,86.00168635459606,147.58200366506463,91.83265706887548,77.50598075876714,86.17658692663987,48.6130718402911,81.48652576575302,58.37780756177587,245.01918197060968,177.7334008127989
2023-12-10,86.98720649102432,148.5495543033295,87.90005448085854,77.6193913447827,86.0358915409364,50.53218145680647,83.00020042432737,59.498860306933366,246.30861406653287,179.03996603849376
2023-12-17,87.27491357786332,150.3672406902366,84.30270652360855,78.03130472896272,85.698320380965,51.597528732781946,83.38186543338009,59.89490524084427,245.46569385988434,180.57943523588008
2023-12-24,86.87039640794934,153.0648067848443,80.9817475032796,78.74188903921915,85.16258062100658,51.81652477970255,82.63187491508432,59.56610401450196,242.48820313959394,182.36891361826216
2023-12-31,85.76579711901624,156.6863945777918,77.88283445408447,79.75143430996378,84.42662049176778,51.190693048329464,80.74953300194915,58.512322423324306,237.3683064037666,184.4282842787776
2024-01-07,83.9396585524629,161.29126641478172,74.95525788976363,81.06035260049124,83.48762142254078,49.71567992661837,77.73309319116836,56.73313035237619,230.09253023993912,186.78042911365435
2024-01-14,82.24955460771585,161.62099760660323,75.78912417385821,83.52722817345513,83.98347349585877,48.543275799760025,76.70157450342035,56.09628478076901,225.3188337589746,188.7664641377572
2024-01-21,80.66265452998633,157.68098375457694,80.3980783910171,87.15306791684431,85.91607571966217,47.665324812958886,77.65401985951047,56.60152577153487,223.0346546017127,190.40845640690955
2024-01-28,79.14813232925866,149.40675190476065,88.85753979206646,91.93935176524782,89.29282954927614,47.075719481089365,80.59131297162466,58.24905954548588,223.2339817703709,191.72465027965757
2024-02-04,77.67656797657618,136.66290553597545,101.30593592720533,97.88803330391,94.12666723340982,46.770358201842825,85.51617916326907,61.03955856538717,225.91733981013,192.7296701323651
2024-02-11,77.54796029597755,126.97473090255426,109.53428235474638,101.84356655378146,98.10224545693784,46.7399849086145,88.51044370260016,62.73963222875689,224.45875721777116,194.69579494071496
2024-02-18,78.75981104631089,120.18369423776825,113.67722474350387,103.8075660182292,101.23478983858857,46.984388308929766,89.57688477321108,63.3499744432129,218.85439561805148,197.64487053591102
2024-02-25,81.33566077663437,116.17866948710281,113.80255669620291,103.78083332968801,103.53629735684495,47.505268600356025,88.71649185650764,62.870834328026106,209.0895066909717,201.60966442456657
2024-03-03,85.32554610814628,114.89411988191073,109.9123290993423,101.76335757685628,105.01558229581947,48.30624929796409,85.9284666497835,61.3020163158027,195.13839336040775,206.63422987211112
2024-03-10,88.22289462400553,113.05380933223157,105.54548249968616,100.18920800526895,106.10364807545594,48.79576578669345,83.92851033189521,60.29734177648932,183.98058123601092,210.58346498041317
2024-03-17,90.08398815170412,110.62762366543437,100.63055940742196,99.0577421048978,106.804661756187,48.97722339863963,82.71476727326947,59.856400638844846,175.58670765429585,213.501250139565
2024-03-24,90.94497896781459,107.57586166151701,95.08713380831263,98.36849805292566,107.12130807125806,48.85188444762487,82.28611132055283,59.97901292689541,169.93468347425795,215.42000518466824
2024-03-31,90.82259206635102,103.84858539677894,88.82449510164548,98.12119452524952,107.0547997086842,48.41887701051166,82.6421447517273,60.66522868647225,167.009634948055,216.36104961622405
2024-04-07,89.71445004658385,99.3848030777972,81.74016374494778,98.31573058165488,106.60488195558754,47.67518886165054,83.78319790708994,61.9153280056408,166.8038645795657,216.33483948347197
2024-04-14,90.17784223032638,97.3580181778923,77.24304710619589,99.13506007024638,106.65068445317043,47.07761781128612,84.99377184745956,62.317189099970804,166.16895936584734,215.96088813175567
2024-04-21,92.22177014390647,97.73506512597488,75.2595560040284,100.57951741122413,107.19238261525341,46.62200684341588,86.2749897857702,61.8709759943991,165.10324850370617,215.23504054605613
2024-04-28,95.88593767438107,100.52211378119536,75.75723331131891,102.6496921790132,108.23205103054231,46.30518649043725,87.62804048093405,60.57650656112692,163.60392749087342,214.14923175319885
2024-05-05,101.24152232895132,105.7647703942756,78.74422283855039,105.34642934290606,109.77367140786164,46.12495278467733,89.05417934081234,58.43325244528428,161.66705074573622,212.69139721104102
2024-05-12,104.75645089359944,108.3708470415037,79.37203650158156,107.11822856541097,111.07844129091569,46.270146084190486,90.17047392419099,57.33483140157314,160.89419090426145,211.704675021252
2024-05-19,106.49900186573059,108.38298861347073,77.6509476148983,107.96581302988461,112.15135767074595,46.74177642932116,90.97795996831195,57.2807950948734,161.28331412476092,211.17810160394532
2024-05-26,106.5030247987115,105.80139379044519,73.55279290580947,107.88952868916921,112.99652958880708,47.54312472681809,91.4773866870308,58.27112146954984,162.8354444157096,211.1058261433731
2024-06-02,104.76859783917133,100.58381829350479,67.01051166089361,106.8893444067992,113.61719387372142,48.67976557353342,91.66921746596282,60.306214740449334,165.55466633050492,211.48704557886225
2024-06-09,103.29193686905269,101.16828761837886,65.11235638441121,105.29247814273619,114.06463917610607,49.8841985415626,91.30573612053192,61.559419707073246,167.44004357202212,212.09257255805227
2024-06-16,102.0443573246831,107.5643658085653,67.8272663536562,103.09827811483196,114.34057911626796,51.16480229503104,90.3866054000053,62.03124788165242,168.49653765931788,212.92913515848963
2024-06-23,101.00162461491337,119.8767159617218,75.19966736812522,100.30584873123816,114.44607048546733,52.530485381788964,88.91097250268345,61.72189184711546,168.72692883999042,214.0060285201792
2024-06-30,100.14348335722033,138.30681289853618,87.350198717146,96.91405022485976,114.38151729320322,53.990748205918145,86.877468284641,60.631225335693344,168.13182340662024,215.33521812491756
2024-07-07,99.45326391108102,163.15624002342918,104.47768727733892,92.92149818814251,114.14667231448401,55.555749117499516,84.28420598938706,58.75880317738104,166.70965529227772,216.9314727460907
2024-07-14,97.81370104651495,180.40437037944682,116.41610136239233,90.22437575246018,113.32785817903472,56.05843790802018,82.40202605606812,57.40656782026572,165.72610533713595,216.47023967220412
2024-07-21,95.19294578373916,190.33344609968756,123.3607968391525,88.82158205151184,111.92193900293238,55.502311542979406,81.22918213216862,56.57396733154788,165.17858525183937,213.94639409132577
2024-07-28,91.54008919868366,193.1059429686645,125.42541417905737,88.71254451644053,109.92353041486427,53.88350131722912,80.76458601198603,56.26066187429389,165.0656541940583,209.33189327477925
2024-08-04,86.7841735025123,188.76722911696083,122.6437380294872,89.89721864212966,107.32497893513136,51.190745942242316,81.00780662695522,56.46652356872484,165.3870149767985,202.57546499126957
2024-08-11,83.69502050794178,183.83431652478953,120.68827200782488,90.08020433367632,105.45886242233786,48.97672404707846,81.30183108169453,56.53025160775793,165.6923555401663,195.84813247123842
2024-08-18,82.21262253036494,178.22648480427864,119.52701757917049,89.26157627911728,104.31803404728578,47.22603374029293,81.64693218239893,56.451872002836936,165.98247941195993,189.07514757557436
2024-08-25,82.30818356309092,171.85196943636524,119.14097239832782,87.44100034455393,103.89812468002813,45.92649630670807,82.04343012596601,56.231352762287216,166.25815007605274,182.18125491654772
2024-09-01,83.98355990664047,164.60646016957446,119.5238193623377,84.61773343776686,104.1975261570308,45.06907148591635,82.49169279708576,55.86860387825506,166.52009298156054,175.08985568683607
2024-09-08,85.47206747380594,159.1826968573805,117.37335228159232,82.71963452110244,104.40236465283431,44.768501019304566,82.90512280937764,55.949999169883725,166.68828287477677,170.38562570442662
2024-09-15,86.80262095181158,155.49192700922032,112.65438169477054,81.74592886030821,104.51342465529491,45.02269398188756,83.28410375769846,56.47557185974149,166.76316236068345,168.01629574729265
2024-09-22,88.00106672431062,153.4737562093966,105.28968808317885,81.69621902450275,104.53113150059235,45.833418672535515,83.62898727385601,57.44553646729351,166.74492849055932,167.9555399270215
2024-09-29,89.0906849448148,153.09515984482144,95.15875827862757,82.57048472395714,104.45555300217657,47.20631491518334,83.94009335286509,58.86028889646123,166.6335332805358,170.20268317894354
2024-10-06,90.09264176036612,154.34994270225627,82.09581342976949,84.36908280181372,104.2863997104793,49.1509332923886,84.21771064985072,60.720406597215984,166.42868358532309,174.78269376141344
2024-10-13,91.17762747666565,152.9952687337854,77.38927016694028,86.00856078567115,104.43577027719792,49.46843333385537,83.64201958226217,61.708125020298,164.9096159253807,178.35087743757282
2024-10-20,92.36671825303003,149.00897054719746,80.96211232765732,87.48958785021661,104.904236759822,48.16102373552428,82.21248600374808,61.823847316084496,162.07233275423516,180.9468806927124
2024-10-27,93.68301251948289,142.32581780853013,92.87280460182329,88.81276849629275,105.69359328530624,45.21960947410258,79.92778354294698,61.06762071816554,157.90936753722545,182.59954800744475
2024-11-03,95.15207967039552,132.83644983660514,113.3162492266516,89.97864279763282,106.80686292119516,40.623728537336945,76.78579237283334,59.43913656262383,152.409765102728,183.3272423519336
2024-11-10,95.31186006297112,126.94856070187927,128.87936205939224,90.72140105632168,107.16103758724219,38.011603057412515,74.61559579419077,58.412273323997525,149.91650931847818,185.27522113003118
2024-11-17,94.16545747724935,124.56580312760244,139.8168122191264,91.04134643899557,106.75747369706212,37.36506172664292,73.41518022256491,57.986611874434644,150.42303898504377,188.46512855038304
2024-11-24,91.69060271357652,125.64918653528646,146.30757616301327,90.93860953560643,105.59462568682018,38.67960686620536,73.18343187031195,58.16197847456765,153.93068707523162,192.93240802877082
2024-12-01,87.83922100700313,130.2164390170571,148.45786639195296,90.41314841272442,103.66804009605154,41.9643831379403,73.92013571318756,58.93844470260082,160.44868424191046,198.7266960038433
2024-12-08,86.03086580869312,134.58048704912673,151.17465865099499,90.17216970268596,103.20488753716035,44.45926678237089,74.76533509560899,59.63436342498575,166.18978033667014,203.46846096353016
2024-12-15,86.230409299277,138.81274232656565,154.50240954074175,90.21557504683393,104.20339423438897,46.181613511806205,75.71981422318879,60.25001869018031,171.16908350712814,207.21038918516132
2024-12-22,88.44172766839944,142.98245993573195,158.49557316666193,90.5433821616348,106.6673842559397,47.143404868711904,76.78445869511754,60.785661786048266,175.3996971826805,209.99405764897705
2024-12-29,92.70777641081698,147.15787161932104,163.21949220627062,91.15572484591162,110.60629415934177,47.35133157557077,77.96025632585366,61.24151134242429,178.89275455721034,211.85039600457537
2025-01-05,99.11142474922711,151.40730229579168,168.75146715294318,92.05285303545345,116.0352091314593,46.80684007903923,79.24829806165259,61.61775342035192,181.65744788696634,212.8000302336851
2025-01-12,102.82928089526685,154.68682053010798,168.21005274921794,93.42226434399323,118.38935759995844,46.23631276357239,80.49562054658657,61.72113890848563,183.43027317403542,212.39562797281067
2025-01-19,103.93356527292242,157.05009116610424,161.58638948667038,95.26451771492255,117.67775545259093,45.635780743497435,81.70338109017776,61.55171000498386,184.21589574812035,210.632695863498
2025-01-26,102.44572892355293,158.53578590509673,148.77209014827696,97.58036508839253,113.89767740453705,45.00106640476165,82.87270029499234,61.1093975551922,184.0163830370477,207.49164577119905
2025-02-02,98.33687019853267,159.1682161155417,129.55746619940942,100.37075170822915,107.03464656114463,44.3277543432695,84.00466309637505,60.394021023416855,182.83121000736756,202.9375771393328
2025-02-09,94.39666945277186,156.9448258022083,115.09160387030558,102.77013190687565,102.45148547436503,44.49416401311364,85.2230096487509,59.9503414763883,186.55046989013059,198.6326116692181
2025-02-16,90.54858715454252,151.82923221451472,105.1377890501255,104.77948502318863,100.13064161237652,45.501453046779964,86.52887037675607,59.778177820413944,195.1839502113443,194.52891641118703
2025-02-23,86.71787319943074,143.73772563920778,99.53314113272073,106.39963120129728,100.06322663698424,47.35662867232875,87.92345690374651,59.87745978461378,208.75437065606442,190.5808947512615
2025-03-02,82.83011486807865,132.53789960505517,98.18594769762478,107.63123172535587,102.24898236317607,50.072596459329034,89.4080631759843,60.2482278922386,227.29744285704024,186.7446797821089
2025-03-09,79.88401345750707,123.83632359168159,95.25982271347294,107.58939276838147,103.83822740334627,51.636651205037154,89.79838340575529,60.164136406784664,237.4387137935416,184.26168238420536
2025-03-16,77.82234010123477,117.49060817341365,90.70688413507001,106.27409725324868,104.83704822786143,52.059673290292764,89.09477974585002,59.62515100519676,239.2048710206645,183.10431369757407
2025-03-23,76.60504620188132,113.39691437067968,84.45262933113308,103.68480832464537,105.2492701079644,51.34460547742816,87.29659936813033,58.6310516934331,232.60056232058585,183.2597140701414
2025-03-30,76.20848547565465,111.48825446670764,76.394715950325,99.82046912994754,105.07647176574915,49.48647338165812,84.40217385781293,57.18143271667305,217.60840793356826,184.72961017271365
2025-04-06,76.62495461649361,111.73339584488714,66.4012872282325,94.67950238785103,104.31799142033069,46.472350866664286,80.4088176654551,55.275702393701124,194.1889548217512,187.53033418420824
2025-04-13,76.74101237720684,111.96818372144894,61.27749155388646,90.48413244490065,103.55686232518957,44.515840514871066,78.01690943087618,54.071346514061666,179.59448278168858,190.58917201353134
2025-04-20,76.55891321314613,112.19646007982769,60.93948499807021,87.23264690520149,102.7901695178337,43.60333181948336,77.22422985777595,53.56787350392585,173.78658530801133,193.94011074767533
2025-04-27,76.07511979572223,112.42196035134232,65.38173654441593,84.92371863179808,102.01497672793715,43.728476893924544,78.03004347026183,53.765077864106175,176.74997845999988,197.62038303924186
2025-05-04,75.28023429878064,112.6483745404358,74.67693758186377,83.55640520498737,101.2283151320492,44.89214631262553,80.43509793044868,54.663040086178114,188.49246064068515,201.67088080258162
2025-05-11,75.34785165619348,111.68940193385312,79.52373672920338,82.58709935620205,101.1541936052658,45.63047974702101,81.75456899910554,55.65680220879439,195.45256485057556,204.2420552183961
2025-05-18,76.27928535455878,109.52935025257744,80.00144524520944,82.01540545040139,101.79232827790997,45.94861342969807,81.9896809277395,56.74676984914805,197.64860715338116,205.36247489130545
2025-05-25,78.09262876112065,106.13287319636979,76.11788017832559,81.84109014313437,103.14516307000451,45.84876046453624,81.1406518614389,57.93338789199003,195.08636660779396,205.04458892878642
2025-06-01,80.82310659262725,101.44439204976486,67.8094922820029,82.0640822852961,105.21787905096602,45.3302262222126,79.20669404127639,59.21714067121559,187.75910047553558,203.28486526458877
2025-06-08,84.4245309315311,99.88788520054196,61.93115876767742,82.47191028697519,107.42326879061393,44.69943884249069,77.87629979608849,59.8471190447971,182.95569098926214,201.47412534672847
2025-06-15,88.96686048050748,101.43788253662291,58.38668872329653,83.06474060858069,109.7697784624192,43.95201023925066,77.14823473946223,59.823580146764684,180.66349759769398,199.59224984278478
2025-06-22,94.53833129631234,106.11974765077991,57.11808172995221,83.84281522167272,112.26639469916746,43.082740909165665,77.02182334711824,59.14651436940474,180.87648821295855,197.61832902493612
2025-06-29,101.24717080054005,114.01009288124462,58.104578764116965,84.80645170772557,114.92267900985053,42.08558376124377,77.49694833013584,57.815645359338944,183.59522333667465,195.53043043965084
2025-07-06,109.22370012838772,125.23803296815197,61.36232250453167,85.95604338775418,117.74880439821145,40.95360205010816,78.5740505261281,55.830429904726294,188.82685753495795,193.3053552137591
2025-07-13,115.83106711115974,133.835724869056,63.20765462754862,88.06499315180686,119.67638297033682,40.32122363737363,79.60679611121404,54.37244783358691,192.25273326780112,192.52790334968515
2025-07-20,121.19762175116517,139.94385808778975,63.67077147699902,91.13416179570517,120.71279694203474,40.184049368864635,80.59614330294696,53.44110405119805,193.88186599765916,193.18943649338374
2025-07-27,125.42761091439948,143.66238389520515,62.75925132860109,95.16480204134525,120.86201555830327,40.54112498880023,81.54301005232946,53.03601841724016,193.71854291592663,195.29730501311812
2025-08-03,128.60320335587264,145.0521508954236,60.45817839810833,100.15855904801062,120.12461029469404,41.39493450149304,82.44827489552071,53.15702559063831,191.7623342250199,198.8749296702187
2025-08-10,130.25482735049454,146.8153535049816,59.81784124132753,102.86524904982424,118.8963536797284,43.521812905000715,83.10095452544846,53.8854753752478,190.3460187049986,201.09840655190055
2025-08-17,130.41456616896525,148.98084413021738,60.82776161387499,103.28597681821567,117.1725417519023,46.93655587517381,83.50165452115098,55.221665097511234,189.46586920975784,201.99244095684895
2025-08-24,129.08552278373557,151.5840580722711,63.5044654854833,101.42091407880447,114.94657267830065,51.6629181457178,83.65074666612915,57.16614014098889,189.11956955641497,201.56696660067445
2025-08-31,126.24188014513837,154.66759337746737,67.89175346496057,97.26929958149289,112.20992147098197,57.733778758514795,83.54836929330119,59.71969416896374,189.306208430093,199.81725599053067
2025-09-07,121.82839967778021,158.28190789625478,74.06141753742557,90.8294387897517,108.95210733808844,65.19136978739292,83.194427413352,62.88336944838599,190.0262769857226,196.72386789741606
2025-09-14,118.06705535559827,161.65557129492382,79.4299588938509,86.39054333490817,106.90360130071905,70.2499077709665,82.64335368195569,64.82714480278533,191.07033387628718,194.408989506311
2025-09-21,114.88478198428811,164.84378897454366,84.08522639279624,83.95080142289886,106.05655801660305,72.94458253868646,81.89463679358829,65.55181360985758,192.44112661992003,192.84689994620328
2025-09-28,112.21976298916564,167.89873176987166,88.10339713878977,83.5092172406985,106.4077334901842,73.29413965415438,80.94758206247698,65.05767165278935,194.14226256594628,192.020242666425
2025-10-05,110.02022961044058,170.8703896539223,91.55022301676597,85.06561054986555,107.95847264880815,71.30101081904309,79.80131077804668,63.344517240985695,196.1782183879081,191.9198325860897
2025-10-12,108.81020051904966,173.12555761281232,93.39632956857031,86.02975102398482,107.7285019095177,70.15475834403233,79.25447608463998,61.989710481047965,196.78888448411732,192.50769759645817
2025-10-19,108.56617055218312,174.70113839495986,93.67192581050503,86.40203218977994,105.71694053331137,69.84740829886115,79.30657060986087,60.99269839062514,195.97586787061664,193.7903695309789
2025-10-26,109.28339935761102,175.62291423134548,92.38152149925634,86.18260599874769,101.91608466810999,70.37682259625885,79.95764268883596,60.353074026006865,193.73702903000188,195.78210030003544
2025-11-02,110.97581931097903,175.9059687265647,89.50400092791291,85.37138288917718,96.31137784464258,71.74668411829421,81.20829640906118,60.07057631602386,190.0664762811137,198.50502024550622
2025-11-09,112.61675147636468,174.43040828656382,86.41596536710914,86.45486190990503,93.80981061927542,71.43756985827369,82.11351513395064,59.49439575174698,192.39274753259542,200.18711078403396
2025-11-16,114.2380714326128,171.17208737687017,83.06688332585006,89.43348529726673,94.4018025217837,69.44732945612748,82.67413875716684,58.624297157435635,200.7219645508981,200.84706181049125
2025-11-23,115.87127378577006,166.07768801896142,79.40195164346052,94.30846881590962,98.08962075519825,65.76211776123205,82.89068744495785,57.45992539080642,215.07604632817527,200.49220611406088
2025-11-30,117.54808396085755,159.06384731425368,75.36119871059235,101.08180225502512,104.88738887871084,60.35629851831851,82.76336211878686,56.00080519807712,235.49276676384085,199.1186008536714
2025-12-07,119.30107447736837,150.0157933239426,70.87850311561675,109.75625024050713,114.82114089790099,53.19226602830571,82.29204464175308,54.246341019985394,262.0258540695677,196.71098374865187
2025-12-14,120.53877381896545,144.75919946064954,70.53011817408265,115.85438977135736,121.38689282729092,48.66368678159792,82.28665907493672,54.17796414305532,281.1734832781915,195.5684989524499
2025-12-21,121.28522465102006,143.2080487338843,74.31034304149219,119.37870988411963,124.60979009980173,46.73905761821807,82.74720042142008,55.795646658357484,292.98604288762976,195.67845218955216
2025-12-28,121.55492699544219,145.33695867720886,82.28103594294848,120.3306490767988,124.50217572626426,47.40498981355129,83.67409598760702,59.10004884446961,297.4946185810652,197.04206516259313
2026-01-04,121.35311989777296,151.1807659987867,94.57262639865712,118.71059589600428,121.06363756652459,50.66611593939122,85.06820577969313,64.0925194369779,294.7110750313751,199.6744891268288
2026-01-11,119.74950795711793,153.0372679080219,103.29445942431335,116.24687350803399,117.9366404181313,53.39498534793891,86.09812328094989,67.3199131673699,284.66037146191013,199.33088290046686
2026-01-18,116.71294055072187,150.93684352706552,108.5892559239733,112.93847631191313,115.10920854732461,55.61058147855814,86.76480408493524,68.78354733920891,267.3160586527504,196.0074286365478
2026-01-25,112.1844314841387,144.8451222751383,110.54365802217688,108.78405394143951,112.57051349162063,57.328317173896714,87.06886676146723,68.48401935419791,242.63249367545092,189.66719906547246
2026-02-01,106.07601316745433,134.662421440845,109.18964684416746,103.78191071401257,110.31083258910384,58.56014189966132,87.01059343055505,66.42120695601638,210.54471978007132,180.2397471920067
2026-02-08,102.00596549334357,127.644798157888,106.95991954598801,100.46889644022262,109.08458136232018,59.49377054444082,88.1144267497296,64.99586413007673,188.78564981365338,175.26362821026407
2026-02-15,99.89522661618288,123.67741859072788,103.81798968094103,98.8436588693457,108.88706352997565,60.13569791619889,90.38139089423555,64.2074091037971,177.29802306575908,174.68355190933636
2026-02-22,99.70279482674927,122.69536198281119,99.71244385123485,98.9055346391078,109.71752264079738,60.490389596652115,93.8135892328666,64.05552005879942,176.05160893968352,178.49307299699097
2026-03-01,101.4249320822365,124.68255831691746,94.57610039783792,100.6545490049254,111.57913917648644,60.560313006186234,98.4142062795454,64.54013499955492,185.04312739825275,186.73451948531306
2026-03-08,102.8064488756548,127.46715553608615,91.70083098646025,101.19790017746132,111.97072590121584,60.78618830774521,101.31691508388576,64.97977961460789,191.26798890058282,192.5485177134024
2026-03-15,103.87418156770391,131.09471977663097,91.03958575400657,100.53580993270475,110.89378250882501,61.16958680777468,102.52440888086085,65.37463335073981,194.74257466115358,195.9996676615711
2026-03-22,104.64887117274665,135.6246111806699,92.58154432394582,98.66800802973924,108.34418453525797,61.713175626274804,102.03780802553985,65.72485737274107,195.47602832670336,197.12631544035435
2026-03-29,105.14556625897289,141.1309552439054,96.35193874560427,95.5937321004412,104.31216756274362,62.42073625067867,99.85666103259331,66.03059462919201,193.47028003845728,195.9409793584053
2026-04-05,105.37391527116108,147.70385577828134,102.41246638224544,91.31172733830888,98.78228982415317,63.29719084185167,95.97894415738847,66.29196991080954,188.72005151144631,192.43048901481342
2026-04-12,104.95305343528705,156.24613099802008,105.05558667801573,89.40652642768238,96.66018445678422,63.42895542864409,95.36826006302152,66.41171339460365,184.2697193625728,189.86731619282375
2026-04-19,103.87480538925163,166.89756358853555,104.32455069230048,89.87735173553689,97.93772424859158,62.816946634268376,98.02404213538449,66.38987395546576,180.10757219144503,188.22298119441416
2026-04-26,102.11822585491922,179.83244971949074,100.20739601806069,92.72439543546747,102.61980190516084,61.45690700624192,103.94875450217319,66.2264426793389,176.22265697919158,187.47921363071342
2026-05-03,99.64919277007114,195.2624511639376,92.6367510333543,97.94881958612724,110.72434878772988,59.339375399326286,113.14789431919189,65.92135285957978,172.60475026472756,187.62774941768043
2026-05-10,97.59269947579337,204.69963213505582,86.46910772317482,101.28053837338098,116.93484199786683,57.537041221477736,120.12375311220063,65.89344434526852,170.3155835353575,187.95919276194914
2026-05-17,95.90879799889822,208.29841923055452,81.60354101517385,102.7209116824483,121.2750664031849,56.03736649580689,124.88280332750207,66.14270574517461,169.34913266810935,188.4772263673447
2026-05-24,94.56477806931726,206.11770169381455,77.96043254503866,102.27052742080215,123.76164413970447,54.829918702482985,127.4294605786983,66.66923879864501,169.70285437122715,189.18760616281602
2026-05-31,93.53453171370575,198.12179505605303,75.48016781053067,99.92920175813168,124.4040982710973,53.90629820468291,127.76608774365098,67.47325841713013,171.377679491298,190.09822525720165
2026-06-07,92.79804610055814,184.17985720865192,74.12216066144885,95.69597905130928,123.20488925999429,53.26007981633501,125.89299715684314,68.55509277190272,174.37801546284857,191.21920164043917
2026-06-14,93.17835585079604,172.72113575325875,77.17778883939965,92.4929100821791,122.21307120692485,52.86675460123709,123.5876718308416,69.33364287083859,175.85739631608737,192.30589899774674
2026-06-21,94.68284859060223,163.5581243387853,84.69705353274955,90.3186874756516,121.4248456597709,52.723586383979764,120.84797280400358,69.80922648948834,175.81971515852297,193.37039174420562
2026-06-28,97.34074952377294,156.5408827784492,96.80299725466243,89.17242379392825,120.83719388239437,52.829579211747344,117.67135808754136,69.98203774361458,174.26487282921443,194.42450757699862
2026-07-05,101.20368913969966,151.5545834830814,113.69371726604233,89.05365117428185,120.44786529352021,53.185470425950385,114.05488030697586,69.85214716842312,171.1887776378215,195.4799588942679
2026-07-12,103.71354567486705,147.0424923225877,124.85824338737616,88.85272601472872,119.71452482829812,53.15401774590862,111.25556016888979,69.62738181345807,169.0853416943947,195.18132316445804
2026-07-19,104.91907381369387,142.9307750779783,130.47926786428576,88.5695663049997,118.63436394877627,52.73500237036958,109.27080036593838,69.3076499377582,167.94902964118828,193.52528221279331
2026-07-26,104.84369128669297,139.15214910343227,130.64877109730236,88.20405646970298,117.2032458686075,51.92550940976431,108.09875936840777,68.89282103851707,167.77685118332533,190.49343558425525
