week_end,rain_sum,rain_max,wind_max,t_mean,t_max,t_min,diesel,diesel_filled,split
2018-01-07,38.3,9.2,18.6,26.285714285714285,30.3,23.8,38.96,True,train
2018-01-14,71.69999999999999,45.3,22.5,26.2,30.3,23.7,38.96,False,train
2018-01-21,87.2,50.5,22.1,25.457142857142856,30.1,22.4,40.223333333333336,True,train
2018-01-28,28.2,9.5,18.1,26.3,30.8,22.8,41.486666666666665,True,train
2018-02-04,27.4,16.1,22.1,26.685714285714287,31.0,24.0,42.75,False,train
2018-02-11,23.4,10.6,20.2,26.52857142857143,32.2,23.4,43.09,False,train
2018-02-18,64.0,37.4,23.3,26.357142857142858,31.1,22.9,41.815,True,train
2018-02-25,30.099999999999998,12.7,20.6,26.414285714285715,30.4,23.2,40.54,False,train
2018-03-04,39.8,18.7,18.7,26.642857142857142,32.2,24.1,41.4,False,train
2018-03-11,6.6,3.5,21.0,27.099999999999998,31.4,23.7,41.85,True,train
2018-03-18,22.7,7.3,22.7,27.099999999999998,31.9,23.4,42.3,True,train
2018-03-25,73.60000000000001,25.6,21.2,26.485714285714288,31.3,23.6,42.75,True,train
2018-04-01,3.3,1.7,23.9,26.75714285714286,31.3,23.3,43.199999999999996,True,train
2018-04-08,27.1,9.5,18.2,26.942857142857143,32.4,23.8,43.65,False,train
2018-04-15,47.699999999999996,11.0,16.7,27.014285714285712,31.6,24.4,43.35,False,train
2018-04-22,118.5,41.4,16.6,26.7,31.6,23.9,43.9,False,train
2018-04-29,42.0,14.3,18.2,27.37142857142857,32.1,24.3,44.55,False,train
2018-05-06,59.8,24.5,13.4,26.914285714285715,31.1,23.9,45.25,False,train
2018-05-13,36.4,8.4,14.8,26.928571428571427,31.3,24.3,44.95,False,train
2018-05-20,100.1,21.7,14.2,26.685714285714287,30.2,24.1,46.15,False,train
2018-05-27,49.400000000000006,16.8,11.4,27.585714285714285,31.8,25.0,47.3,False,train
2018-06-03,67.8,23.1,13.0,26.457142857142856,30.7,23.9,47.65,False,train
2018-06-10,4.1000000000000005,1.5,20.4,27.3,30.8,24.2,46.75,False,train
2018-06-17,10.200000000000001,6.2,16.2,26.885714285714283,30.2,24.2,46.15,False,train
2018-06-24,17.5,7.8,12.6,26.585714285714285,29.9,24.0,46.59,False,train
2018-07-01,22.5,5.2,17.8,26.657142857142855,29.8,24.0,45.69,False,train
2018-07-08,17.3,13.9,14.2,26.342857142857145,30.2,23.6,46.24,False,train
2018-07-15,20.0,14.8,13.6,26.042857142857144,29.3,23.8,46.59,False,train
2018-07-22,13.9,5.2,20.9,26.814285714285713,30.3,24.0,46.44,False,train
2018-07-29,1.8,0.8,14.5,26.97142857142857,30.8,23.9,45.25,False,train
2018-08-05,17.7,6.8,25.3,26.0,30.8,23.3,46.39,False,train
2018-08-12,2.4,1.0,21.9,26.75714285714286,29.9,23.8,46.295,False,train
2018-08-19,3.8,1.4,19.2,27.071428571428573,30.7,24.0,46.54,False,train
2018-08-26,44.8,20.0,15.9,26.75714285714286,30.3,24.0,46.54,False,train
2018-09-02,19.8,8.1,12.8,26.314285714285713,30.5,23.5,46.97,False,train
2018-09-09,7.5,6.3,15.0,26.942857142857143,31.0,24.1,47.885,True,train
2018-09-16,19.4,13.9,32.4,26.714285714285715,30.2,23.1,48.8,False,train
2018-09-23,26.9,15.7,15.0,26.37142857142857,31.8,23.3,48.95,False,train
2018-09-30,2.4000000000000004,0.8,16.7,27.271428571428572,30.9,24.0,49.15,False,train
2018-10-07,43.300000000000004,26.6,15.2,27.428571428571427,31.5,24.4,50.5,False,train
2018-10-14,67.4,24.6,15.5,27.400000000000002,33.1,24.1,51.95,False,train
2018-10-21,55.5,28.7,20.2,26.342857142857145,30.5,23.9,51.3,False,train
2018-10-28,39.9,21.8,14.8,26.8,31.7,23.9,52.75,True,train
2018-11-04,51.4,16.2,15.0,26.900000000000002,31.4,23.7,54.2,False,train
2018-11-11,51.4,16.9,20.9,26.900000000000002,31.3,24.5,53.3,False,train
2018-11-18,58.800000000000004,19.3,19.1,26.585714285714285,31.4,23.6,51.3,False,train
2018-11-25,6.699999999999999,2.4,23.1,26.485714285714288,31.7,22.7,49.275999999999996,True,train
2018-12-02,24.3,12.7,21.3,27.057142857142857,31.2,24.1,47.251999999999995,True,train
2018-12-09,24.5,5.6,16.7,26.985714285714288,31.3,24.3,45.228,True,train
2018-12-16,13.6,2.6,21.6,27.357142857142858,31.8,24.3,43.204,True,train
2018-12-23,62.5,24.1,21.8,26.428571428571427,31.1,23.4,41.18,False,train
2018-12-30,53.0,25.3,14.7,26.442857142857143,31.0,22.5,40.18,False,train
2019-01-06,42.599999999999994,23.4,23.4,26.814285714285713,31.8,24.1,38.34,False,train
2019-01-13,48.1,30.1,24.5,25.985714285714288,31.0,23.6,38.45,False,train
2019-01-20,21.1,15.1,25.5,26.114285714285717,30.8,23.5,38.89,False,train
2019-01-27,126.69999999999999,58.4,27.9,25.985714285714288,31.4,22.8,41.82,False,train
2019-02-03,25.3,10.7,25.6,25.728571428571428,31.2,22.7,43.9,False,train
2019-02-10,17.5,7.8,21.6,26.2,31.7,22.5,43.35,False,train
2019-02-17,40.7,36.5,25.7,25.685714285714287,30.6,21.7,43.9,False,train
2019-02-24,4.3,3.0,23.7,26.67142857142857,32.3,22.9,44.583333333333336,True,train
2019-03-03,4.9,3.6,23.8,26.82857142857143,32.2,21.7,45.266666666666666,True,train
2019-03-10,67.7,38.9,21.3,26.75714285714286,32.6,23.1,45.95,False,train
2019-03-17,22.7,11.7,23.0,26.74285714285714,32.3,23.2,45.89,False,train
2019-03-24,66.60000000000001,37.7,22.7,26.37142857142857,32.0,23.9,46.41,False,train
2019-03-31,59.9,41.9,20.7,26.74285714285714,32.1,23.6,46.51,False,train
2019-04-07,22.4,15.7,20.9,27.3,32.9,23.8,46.41,False,train
2019-04-14,36.7,11.6,17.4,26.928571428571427,31.8,23.3,46.6,False,train
2019-04-21,66.5,58.5,15.9,27.042857142857144,32.3,23.4,47.39,False,train
2019-04-28,124.8,102.5,22.3,27.428571428571427,33.0,24.2,47.39,False,train
2019-05-05,137.6,86.0,17.1,26.714285714285715,32.3,24.0,47.83,False,train
2019-05-12,7.6,3.9,12.4,27.5,30.6,24.8,47.15,False,train
2019-05-19,97.8,80.0,13.7,27.2,30.9,24.1,47.03,False,train
2019-05-26,18.9,6.2,15.2,27.457142857142856,30.6,24.6,46.985,True,train
2019-06-02,123.0,33.2,13.4,26.885714285714283,31.2,23.9,46.94,False,train
2019-06-09,145.5,53.6,14.5,26.82857142857143,30.4,24.1,45.89,False,train
2019-06-16,32.900000000000006,20.1,17.1,27.099999999999998,30.4,24.6,43.64,False,train
2019-06-23,43.8,29.3,17.1,26.842857142857145,30.5,24.4,43.83,False,train
2019-06-30,15.1,7.2,13.2,26.428571428571427,30.0,24.3,44.38,False,train
2019-07-07,82.6,28.7,18.8,26.25714285714286,29.6,24.0,45.33,False,train
2019-07-14,31.5,14.9,15.0,25.67142857142857,29.3,23.1,44.93,False,train
2019-07-21,12.6,5.8,31.4,26.714285714285715,29.7,22.4,45.63,False,train
2019-07-28,44.8,17.9,18.1,26.057142857142857,29.4,23.7,45.61333333333334,True,train
2019-08-04,10.6,6.7,25.2,25.657142857142855,29.4,23.3,45.596666666666664,True,train
2019-08-11,1.7000000000000002,1.3,29.9,27.314285714285713,30.0,24.6,45.58,False,train
2019-08-18,16.3,9.8,17.3,26.87142857142857,29.8,23.7,44.23,False,train
2019-08-25,14.5,5.0,20.0,26.5,30.2,23.3,44.08,False,train
2019-09-01,32.8,22.2,21.6,26.2,29.5,23.4,43.98,False,train
2019-09-08,9.4,7.4,16.7,26.357142857142858,29.3,23.1,43.88,False,train
2019-09-15,1.6,0.9,34.2,27.314285714285713,30.6,24.4,43.78,False,train
2019-09-22,2.8,2.0,23.1,27.24285714285714,30.1,24.6,44.63,False,train
2019-09-29,18.3,4.9,15.1,27.142857142857142,30.7,23.9,46.23,False,train
2019-10-06,188.89999999999998,100.8,15.5,26.714285714285715,30.5,23.6,45.83,False,train
2019-10-13,19.3,9.8,15.1,26.657142857142855,30.8,24.1,44.83,False,train
2019-10-20,55.8,24.2,14.1,26.75714285714286,30.4,23.9,44.73,False,train
2019-10-27,72.7,16.8,13.7,26.67142857142857,31.5,24.2,44.58,True,train
2019-11-03,51.2,15.6,13.9,26.542857142857144,30.1,23.8,44.43,True,train
2019-11-10,5.1,4.6,12.6,27.014285714285712,30.7,24.0,44.28,True,train
2019-11-17,5.8,3.2,15.5,27.314285714285713,32.2,23.8,44.13,False,train
2019-11-24,58.1,22.9,14.8,26.957142857142856,31.5,24.1,43.955,True,train
2019-12-01,54.4,22.4,21.8,27.157142857142855,31.5,23.7,43.78,False,train
2019-12-08,25.700000000000003,12.8,16.6,27.02857142857143,32.2,22.0,44.33,True,train
2019-12-15,75.3,19.3,18.8,26.67142857142857,31.8,24.1,44.879999999999995,True,train
2019-12-22,60.0,26.2,20.2,26.185714285714287,30.3,23.7,45.43,True,train
2019-12-29,14.5,5.1,16.6,26.47142857142857,31.6,23.6,45.98,False,train
2020-01-05,54.0,35.3,23.3,26.62857142857143,31.2,23.2,45.3375,True,train
2020-01-12,31.9,11.1,22.3,26.457142857142856,30.4,24.1,44.69499999999999,True,train
2020-01-19,44.9,25.7,15.6,26.8,32.6,22.4,44.052499999999995,True,train
2020-01-26,34.1,9.4,27.0,26.457142857142856,30.2,23.4,43.41,False,train
2020-02-02,20.1,5.7,27.4,26.771428571428572,31.6,24.2,44.69,False,train
2020-02-09,25.9,11.9,27.0,26.82857142857143,32.4,22.8,44.21,False,train
2020-02-16,21.0,10.2,25.9,26.542857142857144,31.7,23.6,42.08,False,train
2020-02-23,7.699999999999999,5.6,27.4,26.842857142857145,31.8,23.5,42.08,False,train
2020-03-01,25.299999999999997,6.6,22.1,26.985714285714288,33.0,24.1,46.41,False,train
2020-03-08,39.1,19.1,22.2,26.728571428571428,32.7,23.5,42.11,False,train
2020-03-15,3.1,1.2,23.8,27.342857142857145,33.4,23.1,41.36,False,train
2020-03-22,68.9,29.1,22.7,27.014285714285712,32.8,23.8,37.11,False,train
2020-03-29,47.9,17.0,26.4,27.099999999999998,32.7,23.9,33.79,False,train
2020-04-05,27.2,15.1,19.3,27.228571428571428,32.4,23.7,35.56,False,train
2020-04-12,28.4,17.7,18.5,27.47142857142857,32.8,23.6,35.325,False,train
2020-04-19,22.7,7.4,19.1,27.67142857142857,33.4,24.3,35.215,False,train
2020-04-26,77.8,54.4,17.6,27.442857142857143,33.2,24.3,37.03,False,train
2020-05-03,21.1,6.8,18.4,27.085714285714285,32.5,24.6,29.84,False,train
2020-05-10,43.9,14.2,17.0,27.67142857142857,33.1,24.6,29.04,False,train
2020-05-17,45.7,14.0,19.2,27.142857142857142,30.3,24.7,31.34,False,train
2020-05-24,60.0,18.9,13.4,27.414285714285715,31.2,24.6,31.9,False,train
2020-05-31,93.0,30.3,14.1,27.24285714285714,31.1,23.7,34.07,False,train
2020-06-07,218.6,77.1,12.7,26.657142857142855,30.6,24.1,34.01,False,train
2020-06-14,93.1,31.4,14.3,26.285714285714285,30.3,24.2,35.6,False,train
2020-06-21,72.7,35.4,16.4,26.87142857142857,30.8,24.4,36.39,False,train
2020-06-28,72.2,16.8,13.4,26.3,30.1,23.9,37.59,False,train
2020-07-05,83.3,23.6,18.0,26.414285714285715,30.7,23.5,37.95,False,train
2020-07-12,64.4,17.3,13.4,26.585714285714285,29.4,24.3,38.04,False,train
2020-07-19,68.2,31.5,15.5,26.771428571428572,31.5,23.7,38.32,False,train
2020-07-26,62.0,22.0,16.0,26.657142857142855,30.0,24.0,38.21,False,train
2020-08-02,89.5,48.8,18.1,26.428571428571427,29.7,23.4,38.4,False,train
2020-08-09,51.4,26.3,22.1,26.400000000000002,29.8,24.0,37.94,False,train
2020-08-16,61.1,33.8,14.4,26.5,29.4,23.9,37.74,False,train
2020-08-23,23.599999999999998,13.1,14.8,26.3,30.0,23.5,37.49,False,train
2020-08-30,3.9,2.0,17.1,27.12857142857143,30.4,23.7,37.03,False,train
2020-09-06,29.8,11.6,14.7,27.414285714285715,31.0,24.3,36.92,False,train
2020-09-13,53.1,20.0,13.7,27.142857142857142,31.7,23.9,36.37,False,train
2020-09-20,52.8,25.0,26.2,26.428571428571427,32.1,24.0,34.86,False,train
2020-09-27,15.5,6.7,16.6,27.157142857142855,30.6,24.0,34.45,False,train
2020-10-04,32.3,11.9,16.2,26.814285714285713,30.8,23.1,34.26,False,train
2020-10-11,23.8,9.9,13.4,26.685714285714287,30.7,24.3,33.78,False,train
2020-10-18,149.4,36.9,16.6,26.17142857142857,31.7,23.5,34.06,False,train
2020-10-25,18.8,8.7,24.5,26.357142857142858,30.0,23.6,34.04,False,train
2020-11-01,44.300000000000004,12.5,22.1,26.3,31.8,23.2,33.66,False,train
2020-11-08,23.5,14.0,18.3,26.414285714285715,30.4,23.5,32.48,False,train
2020-11-15,46.3,21.0,17.7,26.642857142857142,31.6,23.5,32.64,False,train
2020-11-22,89.3,39.0,17.1,26.771428571428572,30.9,24.3,33.63,False,train
2020-11-29,40.5,11.1,18.4,26.642857142857142,31.1,24.4,33.61,False,train
2020-12-06,99.2,67.7,11.3,26.657142857142855,30.3,24.0,34.06,False,train
2020-12-13,63.1,17.9,12.6,26.771428571428572,31.7,23.8,34.24,False,train
2020-12-20,123.30000000000001,73.7,23.4,26.071428571428573,29.7,23.5,34.915000000000006,True,train
2020-12-27,39.4,13.0,16.7,26.228571428571428,30.7,23.9,35.59,False,train
2021-01-03,70.5,14.0,16.9,26.157142857142855,31.0,23.9,35.495000000000005,True,train
2021-01-10,76.4,25.1,15.9,25.842857142857145,30.1,23.9,35.4,False,train
2021-01-17,134.9,43.2,18.2,25.900000000000002,30.4,24.1,36.29,False,train
2021-01-24,69.0,29.5,19.0,25.82857142857143,30.6,23.1,36.72,False,train
2021-01-31,25.5,12.6,23.5,26.37142857142857,30.8,23.3,36.55,False,train
2021-02-07,61.5,22.8,21.3,26.285714285714285,31.0,23.6,36.52,False,train
2021-02-14,42.0,17.9,17.9,26.071428571428573,29.3,23.6,37.46,False,train
2021-02-21,34.7,19.6,30.0,25.67142857142857,31.2,22.0,38.51,False,train
2021-02-28,27.7,7.9,14.1,26.542857142857144,30.6,23.2,39.01,False,train
2021-03-07,20.1,9.9,19.1,26.842857142857145,31.7,23.8,39.76,False,train
2021-03-14,55.9,20.4,19.0,25.857142857142858,30.5,23.3,39.18,False,train
2021-03-21,85.6,35.6,15.9,26.728571428571428,31.1,23.5,40.1,False,train
2021-03-28,41.1,23.1,19.2,26.728571428571428,31.7,23.8,39.82,False,train
2021-04-04,92.5,29.3,19.5,26.82857142857143,32.3,24.0,38.59,False,train
2021-04-11,107.6,43.0,17.1,27.057142857142857,32.3,24.0,38.46,False,train
2021-04-18,16.9,5.6,14.8,26.585714285714285,31.0,23.9,38.79,True,train
2021-04-25,2.5,1.0,14.0,27.157142857142855,30.7,23.4,39.12,False,train
2021-05-02,76.5,27.7,12.8,26.571428571428573,31.4,24.1,39.34,False,train
2021-05-09,102.5,35.4,15.8,27.0,31.3,24.5,39.19,False,train
2021-05-16,113.0,33.8,18.9,26.599999999999998,31.2,23.8,40.11,False,train
2021-05-23,200.9,63.9,14.1,26.485714285714288,30.9,24.3,40.25,False,train
2021-05-30,113.6,54.8,14.8,26.885714285714283,30.0,24.2,40.49,False,train
2021-06-06,53.5,19.2,17.5,26.24285714285714,29.8,24.3,40.91,False,train
2021-06-13,41.0,21.7,12.3,26.32857142857143,29.0,23.9,41.33,False,train
2021-06-20,69.9,36.8,13.9,26.642857142857142,29.8,24.1,41.68,False,train
2021-06-27,34.8,11.4,13.3,26.62857142857143,29.9,23.6,42.27,False,train
2021-07-04,58.8,28.0,13.2,26.357142857142858,30.1,23.6,42.83,False,train
2021-07-11,114.7,37.9,12.9,26.342857142857145,30.9,23.8,42.77,False,train
2021-07-18,40.6,22.2,14.1,26.599999999999998,29.6,24.3,43.3,False,train
2021-07-25,4.7,2.6,15.5,27.0,31.0,24.0,43.66,False,train
2021-08-01,5.3,3.9,17.9,27.042857142857144,29.9,24.2,43.09,False,train
2021-08-08,25.200000000000003,11.4,16.5,27.02857142857143,30.9,24.4,43.82,False,train
2021-08-15,34.9,9.1,16.3,26.914285714285715,30.5,24.0,43.24,False,train
2021-08-22,56.9,20.2,14.0,26.62857142857143,30.0,23.8,42.95,False,train
2021-08-29,73.4,18.2,16.7,26.414285714285715,29.6,23.9,42.22,False,train
2021-09-05,55.800000000000004,13.3,14.1,26.914285714285715,31.2,24.0,42.69,False,train
2021-09-12,48.7,18.9,14.8,26.228571428571428,29.5,24.0,43.37,False,train
2021-09-19,55.6,20.6,14.7,26.157142857142855,30.6,23.8,43.84,False,train
2021-09-26,82.7,29.0,14.2,26.342857142857145,30.9,23.4,44.55,False,train
2021-10-03,48.1,18.9,14.0,27.02857142857143,30.5,24.1,45.44,False,train
2021-10-10,39.8,35.5,14.3,26.642857142857142,30.3,24.1,47.48,False,train
2021-10-17,20.5,8.1,27.2,27.12857142857143,31.1,23.9,49.01,False,train
2021-10-24,108.5,49.0,20.0,26.485714285714288,31.3,23.3,50.58,False,train
2021-10-31,77.3,25.7,19.1,26.642857142857142,31.9,23.8,50.97,False,train
2021-11-07,69.2,16.8,17.7,26.728571428571428,31.5,23.7,50.74,False,train
2021-11-14,123.5,33.1,15.9,26.285714285714285,30.8,24.0,50.04,False,train
2021-11-21,88.8,35.6,15.8,26.114285714285717,30.0,23.4,49.96,False,train
2021-11-28,107.1,27.2,22.3,26.3,31.3,23.4,48.75,False,train
2021-12-05,38.1,10.7,20.4,26.342857142857145,30.7,23.6,48.16,False,train
2021-12-12,46.1,21.3,28.9,26.385714285714283,32.1,23.6,45.86,False,train
2021-12-19,64.7,37.5,23.1,26.214285714285715,30.9,23.1,46.88,False,train
2021-12-26,19.0,5.3,22.2,26.485714285714288,31.3,23.9,47.25,False,train
2022-01-02,17.7,6.8,25.2,26.285714285714285,29.7,23.9,46.69,False,train
2022-01-09,18.8,13.4,25.0,26.914285714285715,31.8,23.3,49.01,False,train
2022-01-16,73.8,24.6,27.4,26.071428571428573,31.8,22.8,50.02,False,train
2022-01-23,59.8,26.6,25.6,26.214285714285715,31.3,23.2,51.56,False,train
2022-01-30,60.1,18.2,19.1,25.8,30.3,23.1,53.38,False,train
2022-02-06,28.1,19.3,23.6,26.285714285714285,31.0,23.5,54.24,False,train
2022-02-13,52.5,14.6,23.6,26.02857142857143,30.9,23.4,55.3,False,train
2022-02-20,68.2,40.7,22.4,26.142857142857142,31.3,22.6,56.3,False,train
2022-02-27,41.3,12.0,23.9,25.8,30.2,22.3,56.92,False,train
2022-03-06,76.4,24.7,20.5,26.185714285714287,31.9,23.5,57.66,False,train
2022-03-13,105.1,29.6,16.0,26.12857142857143,30.6,23.4,58.4,False,train
2022-03-20,76.7,30.3,14.0,26.32857142857143,30.9,23.6,74.5,False,train
2022-03-27,125.4,57.1,17.7,26.157142857142855,31.6,23.5,64.81,False,train
2022-04-03,146.3,42.0,18.4,26.185714285714287,32.0,23.2,72.58,False,train
2022-04-10,99.1,45.0,18.1,25.728571428571428,30.7,23.3,70.57,False,train
2022-04-17,16.2,11.5,16.1,26.657142857142855,29.9,23.6,70.16,False,train
2022-04-24,101.6,30.4,14.8,26.542857142857144,31.1,23.8,71.79,False,train
2022-05-01,117.4,45.6,17.7,26.25714285714286,30.8,23.7,75.75,False,train
2022-05-08,93.0,22.2,20.7,26.357142857142858,31.6,24.1,74.76,False,train
2022-05-15,134.1,49.0,15.7,26.32857142857143,31.0,24.0,78.6,False,train
2022-05-22,105.5,31.3,16.3,26.585714285714285,30.4,23.9,75.76,False,train
2022-05-29,86.4,32.2,18.5,26.314285714285713,30.7,23.5,73.46,False,train
2022-06-05,48.099999999999994,16.5,14.6,26.47142857142857,30.8,23.3,74.89,False,train
2022-06-12,58.7,29.5,16.0,26.842857142857145,31.3,23.7,81.25,False,train
2022-06-19,82.0,20.3,12.9,26.52857142857143,30.9,23.3,85.38,False,train
2022-06-26,70.3,19.8,22.1,26.285714285714285,30.6,22.9,88.5,False,train
2022-07-03,107.9,33.1,16.2,26.5,30.4,23.5,90.03,False,train
2022-07-10,44.099999999999994,14.6,13.7,25.900000000000002,30.1,23.1,86.71,False,train
2022-07-17,116.0,50.0,14.2,26.214285714285715,30.1,23.5,80.61,False,train
2022-07-24,55.3,22.1,18.7,26.214285714285715,30.0,23.3,78.8,False,train
2022-07-31,51.5,31.1,17.7,26.599999999999998,29.9,23.7,76.95,False,train
2022-08-07,81.7,29.7,16.8,26.4,30.3,23.5,75.9,False,train
2022-08-14,49.9,28.1,15.0,26.057142857142857,30.8,23.3,74.13,False,train
2022-08-21,43.1,28.1,17.7,26.185714285714287,30.0,23.6,72.52,False,train
2022-08-28,44.3,16.4,17.7,26.614285714285717,30.1,23.2,74.93,False,train
2022-09-04,116.30000000000001,47.7,22.4,26.742857142857144,30.3,23.7,79.46,False,train
2022-09-11,97.7,38.3,15.0,26.428571428571427,30.3,23.4,78.755,True,train
2022-09-18,12.2,6.6,23.4,27.157142857142855,30.7,23.4,78.05,False,train
2022-09-25,6.9,3.5,20.0,27.4,31.2,23.7,73.59,False,train
2022-10-02,65.2,25.0,15.0,26.828571428571426,31.2,24.1,71.9,False,train
2022-10-09,81.4,27.3,14.4,26.771428571428572,30.9,23.8,70.89,False,train
2022-10-16,5.199999999999999,1.9,13.4,26.685714285714287,30.9,23.4,74.01,False,train
2022-10-23,136.5,45.5,16.9,26.599999999999998,31.1,24.1,78.36,False,train
2022-10-30,44.3,21.4,31.1,26.12857142857143,30.3,23.2,77.51,False,train
2022-11-06,63.5,21.9,19.6,26.75714285714286,31.1,23.8,76.17,False,train
2022-11-13,126.80000000000001,36.7,16.2,26.342857142857145,30.9,23.1,76.11,False,train
2022-11-20,116.5,38.0,16.9,26.214285714285715,31.3,23.9,75.69,False,train
2022-11-27,122.4,29.5,16.6,26.271428571428572,30.9,22.9,72.57,True,train
2022-12-04,71.4,17.3,21.3,26.185714285714287,31.2,23.0,69.45,False,train
2022-12-11,44.9,16.8,21.5,25.8,30.0,22.9,67.06,False,train
2022-12-18,77.3,38.1,21.8,26.5,30.8,24.0,66.67500000000001,True,train
2022-12-25,40.1,13.4,18.4,25.900000000000002,29.9,23.4,66.29,False,train
2023-01-01,62.1,20.3,19.9,25.857142857142858,29.9,23.2,65.76,False,train
2023-01-08,114.8,36.8,24.8,25.485714285714288,30.9,23.3,62.394999999999996,False,train
2023-01-15,68.7,20.1,18.4,25.442857142857143,30.3,23.1,64.03,False,train
2023-01-22,84.3,23.2,26.1,25.75714285714286,30.3,23.0,64.4,False,train
2023-01-29,108.8,30.5,24.6,25.571428571428573,31.1,23.0,66.38,False,train
2023-02-05,46.3,19.6,20.9,26.157142857142855,30.7,23.0,66.92,False,train
2023-02-12,35.1,14.8,24.5,26.12857142857143,30.5,22.9,63.64,False,train
2023-02-19,113.1,40.0,26.0,25.457142857142856,29.7,22.8,61.44,False,train
2023-02-26,76.0,24.0,23.4,26.214285714285715,31.0,23.2,61.69,False,train
2023-03-05,34.3,12.4,24.5,26.24285714285714,31.5,23.2,60.33,False,train
2023-03-12,49.9,24.8,22.4,26.728571428571428,32.5,23.3,61.65,False,train
2023-03-19,76.3,24.5,19.4,26.114285714285717,30.9,23.4,60.78,False,train
2023-03-26,55.9,34.3,20.4,26.914285714285715,32.3,23.2,58.59,False,train
2023-04-02,125.6,39.8,19.1,25.942857142857143,30.0,23.7,57.12,False,train
2023-04-09,73.9,23.3,16.8,26.342857142857145,31.6,22.7,57.52,False,train
2023-04-16,16.9,11.9,15.6,26.785714285714285,30.0,23.9,59.12,False,train
2023-04-23,84.9,20.7,19.7,26.885714285714283,32.1,23.4,58.27,False,train
2023-04-30,38.3,16.9,17.3,27.52857142857143,32.5,24.2,57.62,False,train
2023-05-07,38.2,16.0,19.0,27.057142857142857,31.8,24.2,55.97,False,train
2023-05-14,44.7,10.2,16.6,27.67142857142857,33.1,24.2,53.32,False,train
2023-05-21,31.2,8.3,17.7,26.82857142857143,31.6,23.9,54.4,False,train
2023-05-28,12.200000000000001,5.4,16.6,26.74285714285714,30.4,24.1,54.9,False,train
2023-06-04,14.7,9.5,19.4,27.528571428571432,31.8,24.8,55.0,False,train
2023-06-11,27.8,11.0,14.8,26.74285714285714,30.3,24.3,54.38,False,train
2023-06-18,94.6,32.3,14.8,26.542857142857144,30.6,24.1,54.865,True,train
2023-06-25,70.7,26.7,19.5,26.157142857142855,30.2,23.2,55.35,False,train
2023-07-02,52.7,15.9,14.5,26.74285714285714,31.0,23.5,55.98,False,train
2023-07-09,156.5,36.2,15.1,26.214285714285715,30.8,23.3,53.24,False,train
2023-07-16,5.5,1.4,16.8,26.3,30.3,22.5,54.7,False,train
2023-07-23,18.4,12.1,13.7,26.17142857142857,30.5,22.9,57.28,False,train
2023-07-30,14.100000000000001,7.0,31.0,26.885714285714283,30.4,23.7,57.39,False,train
2023-08-06,2.3,0.9,17.6,27.514285714285712,31.5,23.5,59.45,False,train
2023-08-13,5.3999999999999995,4.5,15.4,27.071428571428573,33.4,23.4,63.795,False,train
2023-08-20,25.4,7.8,14.8,25.928571428571427,31.2,22.7,63.9775,True,train
2023-08-27,36.4,16.3,17.0,26.157142857142855,29.9,22.9,64.16,False,train
2023-09-03,2.1999999999999997,1.2,26.6,27.542857142857144,31.5,24.2,64.36,False,train
2023-09-10,88.9,59.5,19.1,26.9,31.8,23.2,65.42,False,train
2023-09-17,64.3,29.5,16.5,25.885714285714283,30.3,23.0,65.46,False,train
2023-09-24,24.4,14.1,14.8,26.228571428571428,30.5,23.1,67.56,False,train
2023-10-01,5.8,3.7,17.0,26.75714285714286,31.4,23.7,67.27,False,train
2023-10-08,46.400000000000006,29.1,14.4,27.357142857142858,32.4,23.9,67.45,False,train
2023-10-15,22.299999999999997,8.2,14.3,26.657142857142855,31.3,23.5,65.14,False,train
2023-10-22,40.1,11.4,15.3,26.814285714285713,31.9,23.6,64.05,False,train
2023-10-29,54.8,20.6,15.9,26.657142857142855,32.1,23.2,65.22,False,train
2023-11-05,57.1,17.3,14.1,26.914285714285715,31.5,23.2,63.88,False,train
2023-11-12,70.89999999999999,22.0,16.9,26.785714285714285,32.0,23.4,62.7,False,train
2023-11-19,78.2,33.0,16.6,27.157142857142855,33.2,23.9,59.53,False,train
2023-11-26,79.7,35.7,20.8,26.557142857142857,31.6,22.8,58.74,False,train
2023-12-03,102.8,28.1,19.2,26.599999999999998,31.5,23.8,59.01,False,train
2023-12-10,55.8,12.5,20.9,26.67142857142857,31.3,23.5,58.6,False,train
2023-12-17,26.1,13.3,20.7,27.157142857142855,32.4,23.5,56.45,False,train
2023-12-24,65.2,28.2,20.5,26.657142857142855,31.6,23.5,56.34,False,train
2023-12-31,21.799999999999997,8.2,19.0,26.957142857142856,31.8,23.8,57.8,False,train
2024-01-07,34.0,12.8,22.0,27.0,32.5,23.3,57.474999999999994,True,train
2024-01-14,17.8,8.1,23.1,26.957142857142856,31.7,24.1,57.15,False,train
2024-01-21,195.5,126.1,27.3,26.314285714285713,31.7,23.9,57.91,False,train
2024-01-28,5.3,2.6,30.3,26.62857142857143,31.8,23.3,58.35,False,train
2024-02-04,224.9,73.7,21.7,25.542857142857144,31.5,23.7,59.035,True,train
2024-02-11,29.3,16.3,32.8,26.271428571428572,31.4,23.0,59.72,False,train
2024-02-18,24.1,14.2,25.2,26.885714285714283,32.3,23.2,59.12,False,train
2024-02-25,118.89999999999999,78.8,20.6,26.514285714285712,32.6,22.6,60.0,False,train
2024-03-03,30.799999999999997,12.1,29.2,26.842857142857145,32.0,23.9,58.91,False,train
2024-03-10,8.5,3.0,23.0,27.52857142857143,33.4,23.1,60.15,False,train
2024-03-17,18.3,14.2,23.8,27.37142857142857,33.6,23.7,59.5,False,train
2024-03-24,15.3,6.2,20.6,27.714285714285715,33.4,23.6,59.4,False,train
2024-03-31,26.5,10.1,18.9,27.25714285714286,33.9,23.9,60.8,False,train
2024-04-07,13.1,6.6,19.8,27.82857142857143,34.4,23.8,56.35,False,train
2024-04-14,18.7,5.8,17.3,27.47142857142857,33.1,22.3,57.9,False,train
2024-04-21,31.099999999999998,9.7,18.0,28.457142857142856,35.5,24.2,58.85,False,train
2024-04-28,107.1,27.8,17.2,27.614285714285717,33.2,24.6,57.9,False,train
2024-05-05,71.3,29.5,18.6,27.557142857142857,34.0,24.2,57.45,False,train
2024-05-12,114.9,49.7,15.2,27.24285714285714,32.6,23.6,55.65,False,train
2024-05-19,90.0,45.4,16.8,27.771428571428572,33.2,23.6,55.15,False,train
2024-05-26,136.7,48.2,14.6,27.414285714285715,33.9,24.1,55.4,False,train
2024-06-02,67.7,29.9,15.6,27.75714285714286,32.2,24.5,55.8,False,train
2024-06-09,42.5,12.8,18.4,27.32857142857143,31.6,24.0,56.4,False,train
2024-06-16,80.2,22.1,13.9,26.52857142857143,30.7,23.7,55.2,False,train
2024-06-23,52.8,17.0,15.6,26.285714285714285,30.8,23.6,57.35,False,train
2024-06-30,171.1,49.4,15.8,26.485714285714288,31.0,23.1,56.4,False,train
2024-07-07,73.0,26.1,15.3,26.514285714285712,30.8,23.5,58.2,False,train
2024-07-14,45.0,15.5,16.6,25.8,30.5,22.3,58.85,False,train
2024-07-21,58.1,17.9,15.2,25.285714285714285,29.4,22.2,56.6,False,train
2024-07-28,11.4,5.8,15.4,26.5,29.9,23.7,56.2,False,train
2024-08-04,18.6,6.8,19.1,26.8,30.3,23.9,55.05,False,train
2024-08-11,30.4,10.6,16.3,26.97142857142857,30.5,23.9,56.0,False,train
2024-08-18,85.0,40.4,17.0,26.942857142857143,31.1,23.7,56.75,False,train
2024-08-25,88.3,48.0,20.7,26.585714285714285,31.5,23.7,57.95,False,train
2024-09-01,23.5,10.3,19.4,26.385714285714283,31.0,23.8,52.25,False,train
2024-09-08,55.9,28.3,16.9,27.271428571428572,31.1,23.6,52.55,False,train
2024-09-15,14.0,4.2,29.5,26.514285714285712,30.8,23.4,50.05,False,train
2024-09-22,26.8,12.9,24.9,26.814285714285713,31.7,23.9,48.75,False,train
2024-09-29,49.300000000000004,24.8,18.9,26.985714285714288,32.2,22.9,52.1,False,train
2024-10-06,83.3,28.7,17.2,26.900000000000002,32.4,23.6,53.0,False,train
2024-10-13,25.6,10.1,15.8,27.571428571428573,31.5,24.0,51.05,False,train
2024-10-20,67.8,24.7,14.2,26.900000000000002,31.3,23.8,53.75,False,train
2024-10-27,2.6,0.7,24.9,27.442857142857143,33.0,23.9,54.15,False,train
2024-11-03,52.2,23.8,13.5,27.7,33.6,23.9,54.65,False,train
2024-11-10,23.1,13.3,16.8,26.771428571428572,31.7,23.2,55.4,False,test
2024-11-17,35.7,10.3,14.4,27.185714285714287,32.4,23.7,53.15,False,test
2024-11-24,80.7,19.9,19.6,26.557142857142857,32.7,23.7,56.15,False,test
2024-12-01,61.6,14.6,20.1,26.571428571428573,32.2,24.3,56.75,False,test
2024-12-08,96.9,39.9,14.8,26.82857142857143,32.3,23.4,56.75,True,test
2024-12-15,89.0,36.1,21.8,26.571428571428573,31.2,23.9,52.2,False,test
2024-12-22,43.5,13.7,18.4,26.17142857142857,30.8,23.5,53.9,False,test
2024-12-29,121.8,30.0,17.4,26.0,30.6,23.5,55.35,False,test
2025-01-05,151.4,44.0,16.7,25.900000000000002,30.7,23.5,54.95,False,test
2025-01-12,85.2,17.1,15.7,26.014285714285712,30.6,23.6,58.65,False,test
2025-01-19,37.7,17.3,22.2,26.585714285714285,31.6,23.9,59.05,False,test
2025-01-26,106.5,32.1,19.8,26.114285714285717,30.6,23.3,57.7,False,test
2025-02-02,105.39999999999999,31.9,21.2,25.771428571428572,30.9,22.9,60.15,False,test
2025-02-09,98.6,38.7,17.1,25.942857142857143,31.8,22.0,59.0,False,test
2025-02-16,109.6,24.2,20.0,25.728571428571428,30.1,23.2,58.9,False,test
2025-02-23,85.7,27.8,16.7,25.914285714285715,31.1,22.8,59.7,False,test
2025-03-02,81.6,22.1,24.7,25.728571428571428,30.8,23.1,55.8,False,test
2025-03-09,139.7,37.8,19.1,26.057142857142857,31.1,23.6,55.0,False,test
2025-03-16,82.0,33.6,18.3,26.74285714285714,32.1,23.1,55.89,False,test
2025-03-23,73.5,19.5,19.4,26.342857142857145,31.6,23.4,55.69,False,test
2025-03-30,110.5,35.2,17.8,26.514285714285712,32.3,23.1,55.69,True,test
2025-04-06,78.7,22.0,18.2,26.385714285714283,32.2,23.1,53.2,False,test
2025-04-13,110.30000000000001,36.3,14.3,26.5,32.6,23.0,56.45,False,test
2025-04-20,52.1,20.5,16.4,26.657142857142855,32.7,23.2,53.55,False,test
2025-04-27,79.0,32.1,16.7,26.67142857142857,32.6,23.7,54.85,False,test
2025-05-04,97.6,28.0,13.8,26.085714285714285,31.4,23.3,51.5,False,test
2025-05-11,91.9,33.0,12.3,26.428571428571427,31.3,23.0,53.15,False,test
2025-05-18,132.1,40.5,17.1,26.37142857142857,31.7,23.3,51.79,False,test
2025-05-25,155.1,31.4,14.5,26.085714285714285,30.4,23.8,53.05,False,test
2025-06-01,168.5,36.4,13.5,26.642857142857142,30.8,22.9,53.05,True,test
2025-06-08,120.0,46.7,13.6,26.385714285714283,30.6,23.4,53.05,True,test
2025-06-15,56.8,17.4,14.8,26.428571428571427,30.9,23.9,53.69,False,test
2025-06-22,54.6,23.0,15.7,26.185714285714287,31.0,23.2,55.05,False,test
2025-06-29,24.8,14.3,14.8,26.042857142857144,31.0,23.6,60.14,False,test
2025-07-06,28.5,16.5,13.4,26.571428571428573,31.4,23.3,55.95,False,test
2025-07-13,11.2,6.8,13.6,26.285714285714285,30.4,23.6,58.24,False,test
2025-07-20,8.4,3.5,25.8,26.728571428571428,30.4,23.5,58.25,False,test
2025-07-27,1.2,0.6,20.4,27.8,33.3,24.0,55.55,False,test
2025-08-03,29.200000000000003,24.3,19.9,28.557142857142857,33.1,24.0,55.67,False,test
2025-08-10,73.5,28.3,16.3,26.62857142857143,31.7,23.8,56.52,False,test
2025-08-17,49.2,16.6,13.3,25.814285714285713,30.9,22.9,51.9,False,test
2025-08-24,73.2,30.6,19.3,25.614285714285717,30.5,22.6,51.9,True,test
2025-08-31,10.9,4.0,15.2,25.74285714285714,30.7,22.9,51.1,False,test
2025-09-07,73.0,32.2,17.0,26.62857142857143,31.2,23.4,52.9,False,test
2025-09-14,69.8,36.3,15.0,26.514285714285712,31.1,23.5,54.3,False,test
2025-09-21,15.8,5.9,17.8,26.5,31.1,23.4,52.9,False,test
2025-09-28,14.799999999999999,8.2,15.7,27.52857142857143,33.1,23.8,53.2,False,test
2025-10-05,64.9,24.5,15.7,26.599999999999998,32.4,23.1,54.1,False,test
2025-10-12,46.7,22.8,14.5,26.042857142857144,31.7,23.3,53.85,False,test
2025-10-19,54.1,16.2,17.1,26.842857142857145,32.3,23.4,53.85,False,test
2025-10-26,80.4,20.3,12.8,26.8,33.1,23.6,53.85,True,test
2025-11-02,56.2,27.0,17.6,26.7,32.0,23.1,52.8,False,test
2025-11-09,12.700000000000001,11.3,23.4,27.442857142857143,32.8,23.5,61.29,False,test
2025-11-16,102.39999999999999,36.0,15.2,26.914285714285715,33.1,24.0,59.0,False,test
2025-11-23,89.6,24.2,17.0,26.442857142857143,31.9,23.5,60.2,False,test
2025-11-30,21.6,7.5,15.9,27.02857142857143,33.6,23.6,58.9,False,test
2025-12-07,23.7,13.7,20.7,26.957142857142856,32.5,23.9,56.0,False,test
2025-12-14,19.2,5.4,21.5,28.042857142857144,33.7,23.2,56.0,False,test
2025-12-21,94.5,32.0,18.0,26.428571428571427,31.7,24.0,55.8,False,test
2025-12-28,136.7,48.5,15.5,26.542857142857144,32.2,23.4,54.5,False,test
2026-01-04,177.5,40.5,15.3,26.17142857142857,31.3,23.3,54.95,False,test
2026-01-11,52.5,16.2,21.8,26.585714285714285,31.8,23.4,52.9,False,test
2026-01-18,1.3,0.8,20.6,26.7,31.9,22.5,55.9,False,test
2026-01-25,9.1,6.2,24.8,26.842857142857145,32.9,22.9,57.5,False,test
2026-02-01,26.500000000000004,22.3,25.4,27.342857142857145,34.1,22.4,57.4,False,test
2026-02-08,31.0,16.7,21.4,26.47142857142857,32.4,23.0,56.9,False,test
2026-02-15,46.6,13.7,21.9,26.87142857142857,32.8,22.7,58.6,False,test
2026-02-22,154.8,46.1,22.5,25.62857142857143,32.2,22.9,53.7,False,test
2026-03-01,103.3,37.4,19.6,26.114285714285717,31.5,23.1,58.4,False,test
2026-03-08,19.3,17.8,22.7,27.32857142857143,32.6,23.3,59.99,False,test
2026-03-15,20.0,9.4,27.9,25.914285714285715,31.6,21.6,87.15,False,test
2026-03-22,9.8,5.8,19.4,27.228571428571428,33.4,21.9,106.75,False,test
2026-03-29,23.1,18.5,20.4,27.685714285714287,34.3,23.0,123.5,False,test
2026-04-05,25.8,18.2,19.9,28.285714285714285,35.1,22.8,134.5,False,test
2026-04-12,28.7,13.4,16.4,27.457142857142856,34.4,22.6,153.5,False,test
2026-04-19,22.4,10.6,18.9,27.599999999999998,34.0,23.2,119.9,False,test
2026-04-26,65.5,17.0,19.2,27.457142857142856,33.3,22.9,94.5,False,test
2026-05-03,166.5,72.8,18.6,27.114285714285717,34.4,23.6,87.9,False,test
2026-05-10,204.0,77.3,19.9,26.914285714285715,33.4,23.5,88.5,False,test
2026-05-17,105.4,42.4,14.4,27.37142857142857,31.8,24.1,78.95,False,test
2026-05-24,173.6,66.3,16.8,26.82857142857143,32.3,23.9,79.9,False,test
2026-05-31,27.2,12.4,15.0,26.957142857142856,31.4,23.5,81.9,False,test
2026-06-07,21.1,6.0,15.6,27.24285714285714,30.9,24.4,74.6,False,test
2026-06-14,62.7,20.2,16.4,27.285714285714285,31.4,23.5,80.8,False,test
2026-06-21,40.5,12.1,16.5,26.857142857142858,31.9,23.5,77.1,False,test
2026-06-28,18.0,9.3,19.9,27.2,31.7,23.3,70.9,False,test
2026-07-05,67.3,27.7,15.2,26.457142857142856,31.4,23.7,68.9,False,test
2026-07-12,23.099999999999998,8.1,25.2,26.642857142857142,30.7,22.8,72.2,False,test
2026-07-19,26.6,8.4,14.2,27.042857142857144,31.4,23.4,77.2,False,test
2026-07-26,59.2,34.0,24.0,26.099999999999998,29.6,23.0,81.2,False,test
