commodity,month,actual_psa,psa_naive,causal_weekly_naive,arima_fourier,sarimax,xgb,blend50,gated
Ampalaya,2024-12,105.67,106.58,106.173,105.4865,105.4653,106.4068,105.936,105.4653
Ampalaya,2025-01,116.5,105.67,104.323,103.6811,103.5882,104.1399,103.864,103.5882
Ampalaya,2025-02,102.42,116.5,117.6087,115.4396,115.4136,117.3411,116.3774,115.4136
Ampalaya,2025-03,104.25,102.42,98.0248,97.9182,97.9538,96.6934,97.3236,97.9538
Ampalaya,2025-04,103.17,104.25,104.7988,104.5012,104.3919,104.649,104.5205,104.3919
Ampalaya,2025-05,101.83,103.17,101.9519,101.6136,101.6532,101.8248,101.739,101.6532
Ampalaya,2025-06,109.92,101.83,101.0569,100.4469,100.3783,100.8357,100.607,100.3783
Ampalaya,2025-07,119.75,109.92,110.7986,110.0345,110.1101,109.9579,110.034,110.1101
Ampalaya,2025-08,116.67,119.75,119.9686,117.9235,117.9267,119.2677,118.5972,117.9267
Ampalaya,2025-09,107.08,116.67,113.8418,112.3233,112.3611,112.811,112.5861,112.3611
Ampalaya,2025-10,105.83,107.08,104.5144,103.8944,103.9579,103.8673,103.9126,103.9579
Ampalaya,2025-11,97.5,105.83,105.1932,104.4313,104.4847,105.2775,104.8811,104.4847
Ampalaya,2025-12,121.33,97.5,94.7703,94.3537,94.3222,95.1311,94.7266,94.3222
Ampalaya,2026-01,116.67,121.33,125.3558,121.8683,121.8351,124.3174,123.0763,121.8351
Ampalaya,2026-02,109.5,116.67,113.0897,111.9909,111.979,112.3567,112.1679,111.979
Ampalaya,2026-03,109.42,109.5,107.5046,106.4395,106.5705,106.5016,106.5361,106.5705
Ampalaya,2026-04,99.0,109.42,108.4719,107.6974,107.4438,108.0634,107.7536,107.4438
Ampalaya,2026-05,119.42,99.0,96.2748,96.4578,96.2918,96.0025,96.1472,96.2918
Ampalaya,2026-06,121.92,119.42,123.4633,123.0736,123.0566,123.0662,123.0614,123.0566
Ampalaya,2026-07,119.0,121.92,119.6998,118.9155,118.8696,119.0958,118.9827,118.8696
Cabbage,2024-12,88.25,94.08,94.4194,94.3781,94.4917,94.4339,94.4628,94.4917
Cabbage,2025-01,102.08,88.25,87.474,87.724,87.6498,87.3571,87.5035,87.6498
Cabbage,2025-02,92.5,102.08,104.4638,102.3547,102.3886,104.6415,103.5151,102.3886
Cabbage,2025-03,78.67,92.5,89.8899,90.6506,90.3997,89.3649,89.8823,90.3997
Cabbage,2025-04,76.5,78.67,77.8575,79.0066,79.1925,78.6191,78.9058,79.1925
Cabbage,2025-05,76.25,76.5,78.1685,79.735,79.7301,78.7072,79.2187,79.7301
Cabbage,2025-06,90.0,76.25,77.6962,79.4443,79.7073,79.2461,79.4767,79.7073
Cabbage,2025-07,117.92,90.0,93.7426,94.4508,94.2374,93.6748,93.9561,94.2374
Cabbage,2025-08,128.92,117.92,120.6775,117.0387,116.8976,120.1714,118.5345,116.8976
Cabbage,2025-09,116.75,128.92,126.4739,123.7859,123.7141,125.1188,124.4164,123.7141
Cabbage,2025-10,109.17,116.75,112.1426,110.9757,110.9142,111.1038,111.009,110.9142
Cabbage,2025-11,114.25,109.17,106.9286,105.8114,105.7763,105.4062,105.5913,105.7763
Cabbage,2025-12,120.67,114.25,113.5174,112.0539,112.1259,112.8622,112.4941,112.1259
Cabbage,2026-01,117.5,120.67,119.3618,116.4439,116.6095,118.4189,117.5142,116.6095
Cabbage,2026-02,101.92,117.5,114.6489,112.4766,112.4293,113.4317,112.9305,112.4293
Cabbage,2026-03,103.58,101.92,98.1386,98.087,97.7529,96.6127,97.1828,97.7529
Cabbage,2026-04,104.08,103.58,103.77,103.3259,104.0281,103.5304,103.7793,104.0281
Cabbage,2026-05,96.25,104.08,103.0839,102.5126,102.7737,103.066,102.9199,102.7737
Cabbage,2026-06,94.5,96.25,94.2536,94.0138,93.8737,93.9727,93.9232,93.8737
Cabbage,2026-07,103.67,94.5,94.5434,94.3153,94.1764,94.3179,94.2472,94.1764
Carrot,2024-12,138.75,127.5,121.4179,121.1114,120.7847,120.8807,120.8327,120.7847
Carrot,2025-01,155.42,138.75,139.6842,137.8993,137.8301,139.5574,138.6937,137.8301
Carrot,2025-02,152.92,155.42,154.2324,149.5672,149.4424,150.9753,150.2088,149.4424
Carrot,2025-03,119.75,152.92,148.4199,144.6935,145.1473,146.0433,145.5953,145.1473
Carrot,2025-04,112.08,119.75,111.1172,109.6617,109.3572,109.4241,109.3906,109.3572
Carrot,2025-05,110.0,112.08,112.0718,110.8955,111.275,111.1867,111.2309,111.275
Carrot,2025-06,104.58,110.0,109.5048,109.759,109.3722,108.2034,108.7878,109.3722
Carrot,2025-07,135.67,104.58,103.9637,105.0176,105.189,104.3012,104.7451,105.189
Carrot,2025-08,149.42,135.67,140.0428,135.7498,135.647,139.1939,137.4204,135.647
Carrot,2025-09,163.17,149.42,146.9598,144.2214,144.1846,144.9898,144.5872,144.1846
Carrot,2025-10,173.58,163.17,161.2903,155.7907,156.1042,159.9509,158.0276,156.1042
Carrot,2025-11,169.33,173.58,170.2689,164.253,164.4438,167.3566,165.9002,164.4438
Carrot,2025-12,145.83,169.33,161.7655,157.5448,157.4174,159.9581,158.6878,157.4174
Carrot,2026-01,150.0,145.83,138.6192,136.7726,136.1568,136.4054,136.2811,136.1568
Carrot,2026-02,127.17,150.0,148.7734,144.2634,144.3826,148.6574,146.52,144.3826
Carrot,2026-03,132.0,127.17,120.3899,119.9396,120.619,118.4503,119.5346,120.619
Carrot,2026-04,162.67,132.0,132.2857,130.4109,129.4347,131.9098,130.6723,129.4347
Carrot,2026-05,202.5,162.67,163.9794,157.5775,157.5624,161.8777,159.72,157.5624
Carrot,2026-06,169.25,202.5,201.0031,195.2112,194.9192,199.8413,197.3802,194.9192
Carrot,2026-07,145.17,169.25,156.1364,155.1587,154.958,154.8227,154.8903,154.958
Eggplant,2024-12,90.5,90.67,90.9549,90.4171,90.3813,91.0343,90.7078,90.3813
Eggplant,2025-01,94.58,90.5,89.8053,89.5526,89.5009,89.771,89.636,89.5009
Eggplant,2025-02,103.58,94.58,95.0893,94.5035,94.4964,96.1606,95.3285,94.4964
Eggplant,2025-03,105.0,103.58,104.9389,104.1612,104.2501,104.4662,104.3581,104.2501
Eggplant,2025-04,89.33,105.0,104.1103,103.5412,103.4639,103.6604,103.5621,103.4639
Eggplant,2025-05,82.5,89.33,85.6399,85.9633,86.0822,85.1987,85.6405,86.0822
Eggplant,2025-06,83.25,82.5,81.4524,81.1186,81.1019,81.1159,81.1089,81.1019
Eggplant,2025-07,90.08,83.25,83.3354,83.0882,83.1519,83.2559,83.2039,83.1519
Eggplant,2025-08,101.0,90.08,91.1067,90.3414,90.3302,90.9664,90.6483,90.3302
Eggplant,2025-09,86.17,101.0,102.8627,102.6844,102.6919,103.1543,102.9231,102.6919
Eggplant,2025-10,85.92,86.17,82.12,83.0623,83.1269,81.9344,82.5306,83.1269
Eggplant,2025-11,91.33,85.92,86.4711,86.2501,86.3163,86.5406,86.4285,86.3163
Eggplant,2025-12,116.33,91.33,92.0609,92.1037,92.0458,92.5312,92.2885,92.0458
Eggplant,2026-01,114.17,116.33,120.7157,119.0468,118.9675,121.5226,120.2451,118.9675
Eggplant,2026-02,100.5,114.17,111.7451,111.4131,111.3737,111.2881,111.3309,111.3737
Eggplant,2026-03,99.33,100.5,97.1838,97.0732,97.1585,96.0113,96.5849,97.1585
Eggplant,2026-04,90.83,99.33,99.1386,98.7387,98.579,99.2142,98.8966,98.579
Eggplant,2026-05,100.83,90.83,88.5341,88.5176,88.4578,88.1499,88.3039,88.4578
Eggplant,2026-06,91.92,100.83,103.3472,103.3032,103.2111,103.0522,103.1316,103.2111
Eggplant,2026-07,88.67,91.92,88.9189,89.4847,89.4284,88.9617,89.1951,89.4284
Native garlic,2024-12,206.25,187.5,185.9307,182.4977,182.2777,186.3444,184.3111,182.2777
Native garlic,2025-01,210.83,206.25,205.2346,202.1532,202.0126,206.0436,204.0281,202.0126
Native garlic,2025-02,196.67,210.83,206.4146,202.2116,201.9695,207.0479,204.5087,201.9695
Native garlic,2025-03,184.42,196.67,190.1707,187.4185,187.7802,189.26,188.5201,187.7802
Native garlic,2025-04,192.42,184.42,178.8706,176.2512,175.9072,177.995,176.9511,175.9072
Native garlic,2025-05,204.08,192.42,191.3739,186.7149,186.9185,191.3967,189.1576,186.9185
Native garlic,2025-06,199.5,204.08,202.2807,197.4036,197.1062,202.3357,199.7209,197.1062
Native garlic,2025-07,193.58,199.5,193.1396,190.1257,190.4158,192.7695,191.5926,190.4158
Native garlic,2025-08,200.67,193.58,189.5294,186.2091,186.1071,188.9106,187.5089,186.1071
Native garlic,2025-09,194.0,200.67,197.8112,194.7802,194.8865,196.6255,195.756,194.8865
Native garlic,2025-10,193.5,194.0,188.9706,186.2832,186.5184,189.4332,187.9758,186.5184
Native garlic,2025-11,199.83,193.5,190.6421,187.1161,187.2821,191.2053,189.2437,187.2821
Native garlic,2025-12,196.25,199.83,196.5729,193.6366,193.5416,196.5415,195.0415,193.5416
Native garlic,2026-01,196.17,196.25,191.7972,188.7438,188.3335,191.4725,189.903,188.3335
Native garlic,2026-02,177.17,196.17,193.0538,189.3087,189.3354,193.4117,191.3736,189.3354
Native garlic,2026-03,193.67,177.17,170.8279,169.6762,170.2029,170.3515,170.2772,170.2029
Native garlic,2026-04,189.5,193.67,194.644,192.1048,191.1577,195.0862,193.1219,191.1577
Native garlic,2026-05,188.67,189.5,184.5689,182.6761,182.3979,185.0706,183.7342,182.3979
Native garlic,2026-06,192.83,188.67,185.2398,182.749,182.6785,185.5675,184.123,182.6785
Native garlic,2026-07,193.67,192.83,190.4272,186.7627,186.8292,190.9974,188.9133,186.8292
Patola,2024-12,75.83,74.5,73.1482,73.9036,73.874,73.0019,73.4379,73.874
Patola,2025-01,81.08,75.83,77.2519,77.5666,77.4901,76.968,77.2291,77.4901
Patola,2025-02,85.92,81.08,82.342,82.6497,82.5307,82.2263,82.3785,82.5307
Patola,2025-03,88.0,85.92,87.0441,87.4139,87.3963,86.9465,87.1714,87.3963
Patola,2025-04,78.42,88.0,88.5365,88.8758,88.8766,88.8675,88.8721,88.8766
Patola,2025-05,81.33,78.42,76.6858,77.6738,77.5849,76.6212,77.103,77.5849
Patola,2025-06,77.75,81.33,82.8304,82.6479,82.6389,82.8165,82.7277,82.6389
Patola,2025-07,80.08,77.75,77.0025,77.1653,77.2403,76.803,77.0216,77.2403
Patola,2025-08,83.25,80.08,81.2047,81.199,81.2198,81.2307,81.2252,81.2198
Patola,2025-09,82.17,83.25,84.2438,84.6695,84.7257,84.0995,84.4126,84.7257
Patola,2025-10,79.58,82.17,82.1022,82.6549,82.6458,82.5311,82.5884,82.6458
Patola,2025-11,82.33,79.58,79.4137,79.8344,79.8049,79.3756,79.5902,79.8049
Patola,2025-12,82.75,82.33,83.5923,83.7213,83.7457,83.5809,83.6633,83.7457
Patola,2026-01,86.25,82.75,82.937,83.3346,83.3871,82.8583,83.1227,83.3871
Patola,2026-02,89.83,86.25,87.3021,87.4989,87.494,87.3395,87.4167,87.494
Patola,2026-03,100.83,89.83,90.6019,90.8561,90.8151,90.1773,90.4962,90.8151
Patola,2026-04,98.33,100.83,103.4395,103.5433,103.4842,102.9971,103.2406,103.4842
Patola,2026-05,122.67,98.33,97.1422,97.6559,97.613,96.8209,97.2169,97.613
Patola,2026-06,122.0,122.67,128.6451,127.92,128.0268,127.4773,127.752,128.0268
Patola,2026-07,110.67,122.0,119.8133,120.1467,120.1513,119.4082,119.7798,120.1513
Red onion,2024-12,170.42,151.67,150.4169,153.1129,152.8547,151.1241,151.9894,152.8547
Red onion,2025-01,183.33,170.42,176.537,177.5731,177.3987,176.5386,176.9686,177.3987
Red onion,2025-02,193.33,183.33,184.843,183.381,183.1531,184.6846,183.9188,183.1531
Red onion,2025-03,230.83,193.33,194.9338,192.9878,193.3839,194.469,193.9264,193.3839
Red onion,2025-04,181.08,230.83,237.8402,236.2785,236.1054,237.575,236.8402,236.1054
Red onion,2025-05,194.17,181.08,168.6598,169.6356,169.9403,168.7781,169.3592,169.9403
Red onion,2025-06,183.17,194.17,199.8001,197.8644,197.554,200.2482,198.9011,197.554
Red onion,2025-07,192.17,183.17,178.7225,176.7356,177.1524,178.9837,178.068,177.1524
Red onion,2025-08,190.0,192.17,194.748,194.1267,193.6984,195.5755,194.637,193.6984
Red onion,2025-09,191.92,190.0,188.3692,188.1121,188.0659,188.857,188.4615,188.0659
Red onion,2025-10,195.67,191.92,192.3234,192.8805,193.1003,193.0801,193.0902,193.1003
Red onion,2025-11,206.75,195.67,195.9455,196.3492,196.5175,196.3213,196.4194,196.5175
Red onion,2025-12,283.42,206.75,208.3603,208.4986,208.5481,209.3682,208.9582,208.5481
Red onion,2026-01,272.33,283.42,295.4288,290.1729,289.7947,294.5633,292.179,289.7947
Red onion,2026-02,188.17,272.33,262.9695,260.5565,260.5183,259.5761,260.0472,260.5183
Red onion,2026-03,192.0,188.17,170.045,172.0207,172.4083,165.1999,168.8041,172.4083
Red onion,2026-04,182.33,192.0,197.4356,198.5444,197.6721,197.2692,197.4706,197.6721
Red onion,2026-05,170.67,182.33,179.0522,179.2832,179.0766,179.0147,179.0456,179.0766
Red onion,2026-06,175.08,170.67,169.1504,169.888,169.7606,168.9564,169.3585,169.7606
Red onion,2026-07,169.0,175.08,176.7796,176.835,176.8929,177.3423,177.1176,176.8929
Squash,2024-12,45.42,38.67,36.3455,36.6131,36.6411,35.9985,36.3198,36.6411
Squash,2025-01,45.92,45.42,47.0856,47.0658,47.0246,47.1968,47.1107,47.0246
Squash,2025-02,45.42,45.92,45.016,44.8963,44.8844,44.9164,44.9004,44.8844
Squash,2025-03,50.92,45.42,44.9373,44.5377,44.4821,44.408,44.445,44.4821
Squash,2025-04,44.58,50.92,51.2903,50.7085,50.7668,50.9054,50.8361,50.7668
Squash,2025-05,45.58,44.58,42.5439,42.6806,42.7157,42.0004,42.358,42.7157
Squash,2025-06,43.83,45.58,45.7121,45.1263,45.2218,45.9167,45.5693,45.2218
Squash,2025-07,40.5,43.83,42.728,42.2154,42.2062,42.3858,42.296,42.2062
Squash,2025-08,48.25,40.5,39.747,39.5348,39.5622,39.3396,39.4509,39.5622
Squash,2025-09,70.42,48.25,49.509,49.2136,49.2094,49.0737,49.1415,49.2094
Squash,2025-10,70.42,70.42,72.6567,69.528,69.4766,72.0431,70.7599,69.4766
Squash,2025-11,67.75,70.42,67.6204,65.7359,65.6743,66.4681,66.0712,65.6743
Squash,2025-12,49.0,67.75,65.1134,63.4817,63.4684,64.5094,63.9889,63.4684
Squash,2026-01,54.25,49.0,44.567,44.8034,44.8555,43.5148,44.1852,44.8555
Squash,2026-02,59.67,54.25,55.376,54.026,54.0246,55.0135,54.5191,54.0246
Squash,2026-03,61.33,59.67,59.1576,57.6568,57.5696,58.6541,58.1119,57.5696
Squash,2026-04,62.75,61.33,59.7905,58.4997,58.6468,58.9851,58.8159,58.6468
Squash,2026-05,56.33,62.75,61.5602,59.7586,59.8815,60.6037,60.2426,59.8815
Squash,2026-06,52.92,56.33,53.2595,51.9811,52.0266,52.7763,52.4014,52.0266
Squash,2026-07,52.75,52.92,51.7,50.5198,50.5562,51.4871,51.0216,50.5562
Tomato,2024-12,155.17,132.08,140.2051,134.2636,134.2155,142.0488,138.1322,134.2155
Tomato,2025-01,161.83,155.17,150.5999,145.0157,145.2065,147.7919,146.4992,145.2065
Tomato,2025-02,112.33,161.83,156.5995,148.5793,148.698,153.9642,151.3311,148.698
Tomato,2025-03,89.0,112.33,99.4032,97.8503,97.8786,96.3289,97.1038,97.8786
Tomato,2025-04,63.5,89.0,86.0179,85.3619,85.3936,83.9471,84.6704,85.3936
Tomato,2025-05,77.58,63.5,60.8942,64.4881,64.3706,61.8969,63.1338,64.3706
Tomato,2025-06,60.67,77.58,82.3936,83.3966,83.2881,83.3876,83.3379,83.2881
Tomato,2025-07,62.75,60.67,58.2489,59.8505,59.9374,59.8163,59.8768,59.9374
Tomato,2025-08,62.5,62.75,66.1993,67.4769,67.4684,66.3391,66.9038,67.4684
Tomato,2025-09,81.42,62.5,64.5301,66.4707,66.5146,64.4415,65.478,66.5146
Tomato,2025-10,92.75,81.42,85.6935,85.0294,85.0702,85.992,85.5311,85.0702
Tomato,2025-11,82.75,92.75,93.8175,92.7695,92.808,93.2166,93.0123,92.808
Tomato,2025-12,74.5,82.75,80.3662,80.525,80.5499,80.7639,80.6569,80.5499
Tomato,2026-01,104.25,74.5,74.4496,75.6316,75.5586,75.5105,75.5346,75.5586
Tomato,2026-02,104.92,104.25,109.552,106.4915,106.5477,109.7301,108.1389,106.5477
Tomato,2026-03,93.25,104.92,102.0505,99.8242,99.9758,100.3685,100.1722,99.9758
Tomato,2026-04,103.0,93.25,90.1588,88.9566,88.7126,87.1414,87.927,88.7126
Tomato,2026-05,82.83,103.0,104.1637,101.1876,101.1341,104.3627,102.7484,101.1341
Tomato,2026-06,83.2,82.83,77.7959,77.4296,77.4275,78.1721,77.7998,77.4275
Tomato,2026-07,124.92,83.2,84.7501,83.8702,83.8712,85.2097,84.5405,83.8712
Upo,2024-12,60.17,58.5,57.3958,57.2493,57.292,57.4658,57.3789,57.292
Upo,2025-01,61.5,60.17,60.5363,60.4173,60.3826,60.139,60.2608,60.3826
Upo,2025-02,60.0,61.5,61.3719,61.1375,61.1608,61.0124,61.0866,61.1608
Upo,2025-03,59.17,60.0,59.3767,59.2128,59.1591,59.0116,59.0853,59.1591
Upo,2025-04,54.17,59.17,58.7489,58.5404,58.5929,58.9172,58.7551,58.5929
Upo,2025-05,56.25,54.17,52.9612,52.9678,52.9974,52.5917,52.7946,52.9974
Upo,2025-06,59.17,56.25,56.8078,56.4471,56.527,56.8666,56.6968,56.527
Upo,2025-07,54.17,59.17,59.4474,59.2568,59.2194,59.254,59.2367,59.2194
Upo,2025-08,55.83,54.17,52.8077,52.9342,52.9738,52.7845,52.8791,52.9738
Upo,2025-09,64.58,55.83,56.3598,56.3646,56.3223,56.5697,56.446,56.3223
Upo,2025-10,61.67,64.58,65.9883,65.4171,65.37,65.9589,65.6645,65.37
Upo,2025-11,58.33,61.67,60.3125,60.2019,60.1841,59.6769,59.9305,60.1841
Upo,2025-12,55.83,58.33,57.4455,57.1551,57.1495,57.563,57.3562,57.1495
Upo,2026-01,67.17,55.83,55.2414,55.0434,55.1055,55.5352,55.3203,55.1055
Upo,2026-02,64.92,67.17,69.5997,68.8484,68.8075,69.6665,69.237,68.8075
Upo,2026-03,65.33,64.92,63.4143,63.3289,63.201,63.0092,63.1051,63.201
Upo,2026-04,66.33,65.33,65.3437,65.1176,65.3478,65.2483,65.298,65.3478
Upo,2026-05,66.42,66.33,66.1162,65.7135,65.8191,65.9395,65.8793,65.8191
Upo,2026-06,69.42,66.42,65.9682,65.5844,65.6065,65.8102,65.7083,65.6065
Upo,2026-07,69.42,69.42,69.6897,69.0448,69.0578,69.7424,69.4001,69.0578
