commodity,week_end,y,naive,arima_fourier,sarimax,xgb,blend50,gated,gated_noGA,gated_P90,shock_L1,shock_L1_P90,sarimax_how,sarimax_converged,arima_how,arima_converged
Ampalaya,2023-02-19,117.1459408808388,117.6435045356672,118.72056913121187,117.79753190807612,116.78905329655817,117.29329260231714,117.29329260231714,117.20616464854936,117.04117294943765,0,1,fit,True,fit,True
Ampalaya,2023-02-26,117.49139722764004,117.1459408808388,114.66960691137115,116.04186569899954,117.31784186846392,116.67985378373173,116.67985378373173,116.48417863417176,116.99884782609783,0,1,fit,True,fit,True
Ampalaya,2023-03-05,115.59461165698454,117.49139722764004,115.56475755380475,115.28519634142853,115.83230062901485,115.55874848522168,115.55874848522168,116.27903565175754,115.55874848522168,0,0,fit,True,fit,True
Ampalaya,2023-03-12,114.49928012187964,115.59461165698454,114.42312199556748,114.06036022786638,112.38948799403593,113.22492411095115,113.22492411095115,113.67713501411887,113.22492411095115,0,0,fit,True,fit,True
Ampalaya,2023-03-19,113.00000383687716,114.49928012187964,113.8016565300546,114.64271526470903,113.44305029209143,114.04288277840023,114.04288277840023,114.11053479527835,114.04288277840023,0,0,fit,True,fit,True
Ampalaya,2023-03-26,112.2261044242745,113.00000383687716,111.81670428947024,112.50652772892512,110.92741586995821,111.71697179944167,111.71697179944167,112.35515831381926,111.71697179944167,0,0,fit,True,fit,True
Ampalaya,2023-04-02,111.03555764626492,112.2261044242745,111.13285925537042,111.47699571021082,110.42213778284841,110.94956674652961,110.94956674652961,111.38295724469093,110.94956674652961,0,0,fit,True,fit,True
Ampalaya,2023-04-09,111.75244258647524,111.03555764626492,110.29071243988639,110.58143592276969,109.65375854443539,110.11759723360254,109.88567788901896,110.68998137864442,109.88567788901896,1,1,fit,True,fit,True
Ampalaya,2023-04-16,112.49884946142636,111.75244258647524,112.325970230319,111.59183624714417,111.20489083533846,111.39836354124131,111.39836354124131,111.46434963810029,111.39836354124131,0,0,fit,True,fit,True
Ampalaya,2023-04-23,110.06543798133364,112.49884946142636,113.80675918523914,113.40526615297168,112.12025339399777,112.76275977348473,112.76275977348473,112.69950714563515,112.76275977348473,0,0,fit,True,fit,True
Ampalaya,2023-04-30,108.79771222671936,110.06543798133364,108.781180378346,109.44375057518288,109.70498100801936,109.57436579160111,109.57436579160111,109.37123782627003,109.57436579160111,0,0,fit,True,fit,True
Ampalaya,2023-05-07,105.97732155355676,108.79771222671936,106.47872179043206,106.46561567441272,107.93432821831176,107.19997194636224,107.19997194636224,107.38149589527009,107.19997194636224,0,0,fit,True,fit,True
Ampalaya,2023-05-14,102.55224312836562,105.97732155355676,103.90554549100091,103.46112165767458,105.2308593872474,104.345990522461,104.345990522461,104.31061534460073,104.345990522461,0,0,fit,True,fit,True
Ampalaya,2023-05-21,100.670832948295,102.55224312836562,100.4389442873352,100.58689601549285,101.67372234160338,101.13030917854812,101.13030917854812,101.07677452178504,101.13030917854812,0,0,fit,True,fit,True
Ampalaya,2023-05-28,98.47960234606592,100.670832948295,99.74590864528125,99.27613758555769,99.55873389681948,99.41743574118858,99.41743574118858,98.90428296303993,99.41743574118858,0,0,fit,True,fit,True
Ampalaya,2023-06-04,95.65095214192904,98.47960234606592,97.70096120261373,97.56762336611494,97.4852753373417,97.52644935172833,97.52644935172833,97.15112668198384,97.52644935172833,0,0,fit,True,fit,True
Ampalaya,2023-06-11,93.00279936788968,95.65095214192904,93.8445935037381,93.99595151510363,94.5949029142145,94.29542721465907,94.29542721465907,94.08798874572597,94.29542721465907,0,0,fit,True,fit,True
Ampalaya,2023-06-18,90.60887095748176,93.00279936788968,90.48601584763576,91.09785664098112,92.17592982052258,91.63689323075185,91.63689323075185,91.5805363536633,91.63689323075185,0,0,fit,True,fit,True
Ampalaya,2023-06-25,90.05737758627595,90.60887095748176,88.64076609415152,88.82139575444394,90.51385100601901,89.66762338023148,89.66762338023148,89.58908997665606,89.66762338023148,0,0,fit,True,fit,True
Ampalaya,2023-07-02,90.04553839437203,90.05737758627595,89.76202031264062,89.56554525085863,89.87409121742905,89.71981823414384,89.71981823414384,89.58980171352445,89.71981823414384,0,0,fit,True,fit,True
Ampalaya,2023-07-09,86.83128837523189,90.04553839437203,90.75693705496661,90.28010622552348,89.90402588121133,90.0920660533674,90.0920660533674,89.81090090057924,90.0920660533674,0,0,fit,True,fit,True
Ampalaya,2023-07-16,88.54293913154443,86.83128837523189,84.52595166981418,85.4717222617944,86.97852990803447,86.22512608491444,86.60182799647446,86.41669891278143,86.60182799647446,1,1,fit,True,fit,True
Ampalaya,2023-07-23,88.15380553583778,88.54293913154443,87.56919469616643,86.64255235419039,88.13329008726915,87.38792122072977,87.38792122072977,87.39087103969854,87.38792122072977,0,0,fit,True,fit,True
Ampalaya,2023-07-30,86.82642852899374,88.15380553583778,88.26228157586536,88.39846283595494,87.81168137173331,88.10507210384412,88.10507210384412,87.99892350326581,88.10507210384412,0,0,fit,True,fit,True
Ampalaya,2023-08-06,86.09052438734271,86.82642852899374,85.731575301279,86.25753574066515,86.4245961570436,86.34106594885438,86.34106594885438,86.44298604692071,86.34106594885438,0,0,fit,True,fit,True
Ampalaya,2023-08-13,86.09217100825762,86.09052438734271,84.32168598488407,84.24925379595415,85.39358140228488,84.82141759911951,84.82141759911951,84.65923947016176,84.82141759911951,0,0,fit,True,fit,True
Ampalaya,2023-08-20,84.34856786726412,86.09217100825762,85.28948423929161,85.03265021757352,85.75559991088366,85.39412506422859,85.57486248755612,85.62494786822953,85.57486248755612,1,1,fit,True,fit,True
Ampalaya,2023-08-27,82.7887367483215,84.34856786726412,83.24733539054203,83.52201800646505,84.52945321200785,84.02573560923645,84.02573560923645,83.77665840834686,84.02573560923645,0,0,fit,True,fit,True
Ampalaya,2023-09-03,81.91506046605052,82.7887367483215,81.09595003461615,81.1278592429472,82.45353098474308,81.79069511384515,81.79069511384515,81.65186384112386,81.79069511384515,0,0,fit,True,fit,True
Ampalaya,2023-09-10,80.43753570923856,81.91506046605052,80.85592600756895,80.45150418598021,81.03234553885402,80.74192486241711,80.74192486241711,80.67648191288365,80.74192486241711,0,0,fit,True,fit,True
Ampalaya,2023-09-17,80.88472054541496,80.43753570923856,79.1959446929027,80.33604536763264,79.62486935267499,79.98045736015382,79.98045736015382,80.55400506616178,79.98045736015382,0,0,fit,True,fit,True
Ampalaya,2023-09-24,83.08268335971134,80.88472054541496,81.27857889375363,81.20266898464261,80.56709842026619,80.8848837024544,80.8848837024544,81.11661934172852,80.8848837024544,0,0,fit,True,fit,True
Ampalaya,2023-10-01,84.83907581234311,83.08268335971134,85.3142390289146,84.68865512968523,83.38876069101589,84.03870791035055,84.03870791035055,83.67446634011625,84.03870791035055,0,0,fit,True,fit,True
Ampalaya,2023-10-08,85.68164897572521,84.83907581234311,86.96542417416077,86.85904070243286,84.5396702077422,85.69935545508753,85.69935545508753,85.77371516262184,85.69935545508753,0,0,fit,True,fit,True
Ampalaya,2023-10-15,86.22975743517735,85.68164897572521,86.09404359823678,86.57606245435322,86.0799337686253,86.32799811148925,86.32799811148925,86.30528743052764,86.32799811148925,0,0,fit,True,fit,True
Ampalaya,2023-10-22,86.40702651860576,86.22975743517735,85.69314083886712,85.9310903189618,86.64679951176502,86.2889449153634,86.2889449153634,86.12220204291663,86.2889449153634,0,0,fit,True,fit,True
Ampalaya,2023-10-29,87.24249122842323,86.40702651860576,86.45657828659817,86.2855123292791,86.60890062572818,86.44720647750364,86.44720647750364,86.27466351805197,86.44720647750364,0,0,fit,True,fit,True
Ampalaya,2023-11-05,87.06240306766314,87.24249122842323,88.71906286054377,88.45299055209372,87.81642429336083,88.13470742272727,88.13470742272727,87.99795162844055,88.13470742272727,0,0,fit,True,fit,True
Ampalaya,2023-11-12,86.75691708063398,87.06240306766314,88.06337284012199,87.92917813984376,87.48551060231013,87.70734437107694,87.70734437107694,87.50359381474209,87.70734437107694,0,0,fit,True,fit,True
Ampalaya,2023-11-19,85.76508697875629,86.75691708063398,86.71442963723139,87.09156793008692,87.26929368709837,87.18043080859265,87.18043080859265,87.00509803139052,87.18043080859265,0,0,fit,True,fit,True
Ampalaya,2023-11-26,85.73559287402449,85.76508697875629,85.10582077073816,85.3406869937476,85.87236894675384,85.60652797025071,85.60652797025071,85.66338182341681,85.73944845850227,0,1,fit,True,fit,True
Ampalaya,2023-12-03,85.78715425949531,85.73559287402449,86.33690625679694,86.04643330737609,86.0230873844367,86.03476034590639,86.03476034590639,85.93699170389809,86.03476034590639,0,0,fit,True,fit,True
Ampalaya,2023-12-10,86.31386032811528,85.78715425949531,87.25982695097112,86.97362997205505,86.1562116764112,86.56492082423313,86.56492082423313,86.57686203366859,86.56492082423313,0,0,fit,True,fit,True
Ampalaya,2023-12-17,85.69243079339793,86.31386032811528,87.75232715862501,87.23795207427834,86.51826113573438,86.87810660500637,86.87810660500637,86.96442026991954,86.87810660500637,0,0,fit,True,fit,True
Ampalaya,2023-12-24,84.63412121557766,85.69243079339793,85.66350166182258,85.7794446742484,85.93158905124,85.8555168627442,85.8555168627442,85.81182712005983,85.8555168627442,0,0,fit,True,fit,True
Ampalaya,2023-12-31,85.07243337063943,84.63412121557766,83.7778143244914,84.14744404735141,84.82080546640927,84.48412475688033,84.48412475688033,84.4021712760406,84.48412475688033,0,0,fit,True,fit,True
Ampalaya,2024-01-07,83.80035445215228,85.07243337063943,85.64174362805213,85.1698907606561,84.97199070035373,85.07094073050492,85.07094073050492,85.14793924742214,85.07094073050492,0,0,fit,True,fit,True
Ampalaya,2024-01-14,84.38310376042028,83.80035445215228,84.18979302635383,83.80029461052014,83.38977870466235,83.59503665759124,83.59503665759124,83.74533679528989,83.59503665759124,0,0,fit,True,fit,True
Ampalaya,2024-01-21,84.12788374176934,84.38310376042028,85.13177702212258,85.49034255477103,84.34462115028401,84.91748185252752,84.91748185252752,84.87665673701073,84.91748185252752,0,0,fit,True,fit,True
Ampalaya,2024-01-28,90.3686581896414,84.12788374176934,84.12139476050325,85.45040553654773,85.24719400158837,85.34879976906805,85.29799688532822,84.86818670406811,85.29799688532822,1,1,fit,True,fit,True
Ampalaya,2024-02-04,92.47244586585832,90.3686581896414,94.43382714308257,93.17606615181582,90.39380814598695,91.78493714890138,91.78493714890138,92.12827747872726,91.78493714890138,0,0,fit,True,fit,True
Ampalaya,2024-02-11,99.36186555797994,92.47244586585832,95.96500506451744,97.36796332297392,94.36321344016862,95.86558838157127,95.11440091086995,94.78379442049633,95.11440091086995,1,1,fit,True,fit,True
Ampalaya,2024-02-18,102.11175562102216,99.36186555797994,102.91992295645592,101.14795819371203,99.7700816767925,100.45901993525226,100.45901993525226,100.79486039889056,100.45901993525226,0,0,fit,True,fit,True
Ampalaya,2024-02-25,103.05393285467493,102.11175562102216,104.12588334186405,104.53968242317224,102.43552831966298,103.4876053714176,103.4876053714176,103.74413608843287,103.4876053714176,0,0,fit,True,fit,True
Ampalaya,2024-03-03,104.84869353476935,103.05393285467493,101.96506983911875,103.00984076339475,102.50782395317422,102.75883235828448,102.75883235828448,103.35835998551417,102.63332815572934,0,1,fit,True,fit,True
Ampalaya,2024-03-10,106.38994971925288,104.84869353476935,104.31012002677716,104.30871180255878,104.55064277354651,104.42967728805264,104.42967728805264,104.30816317629537,104.42967728805264,0,0,fit,True,fit,True
Ampalaya,2024-03-17,106.55460796564267,106.38994971925288,107.57157789300504,106.62810229371189,105.21136812383205,105.91973520877197,105.91973520877197,106.09951888086631,105.91973520877197,0,0,fit,True,fit,True
Ampalaya,2024-03-24,106.89890102790676,106.55460796564267,107.6316373576103,107.70521452729812,105.26360712259458,106.48441082494635,106.48441082494635,106.90968159096617,106.48441082494635,0,0,fit,True,fit,True
Ampalaya,2024-03-31,107.40784770532298,106.89890102790676,106.67475554801398,106.69213950627365,106.11273894952618,106.40243922789992,106.40243922789992,106.41933738311232,106.40243922789992,0,0,fit,True,fit,True
Ampalaya,2024-04-07,105.838980307501,107.40784770532298,107.26351738154906,107.45519737819686,107.08151868267703,107.26835803043694,107.26835803043694,107.40617830034942,107.26835803043694,0,0,fit,True,fit,True
Ampalaya,2024-04-14,106.80294728504896,105.838980307501,104.96431676055259,104.49602540655708,104.858706703108,104.67736605483253,104.76803637897027,104.94552454208386,104.76803637897027,1,1,fit,True,fit,True
Ampalaya,2024-04-21,107.97194629314794,106.80294728504896,107.22035223800135,107.11462883792004,106.67060114669084,106.89261499230544,106.89261499230544,106.73903060887734,106.89261499230544,0,0,fit,True,fit,True
Ampalaya,2024-04-28,108.06612615404146,107.97194629314794,109.19485607996258,109.36704905908786,107.46152990463628,108.41428948186207,108.41428948186207,108.43246819816399,108.41428948186207,0,0,fit,True,fit,True
Ampalaya,2024-05-05,110.45745841780248,108.06612615404146,108.5167019654366,109.37327994260659,107.83523158845918,108.60425576553288,108.60425576553288,108.88489697859231,108.60425576553288,0,0,fit,True,fit,True
Ampalaya,2024-05-12,110.81352824696144,110.45745841780248,111.2624843417417,111.01033400715926,109.95146898546759,110.48090149631342,110.48090149631342,110.60934630205473,110.48090149631342,0,0,fit,True,fit,True
Ampalaya,2024-05-19,112.21757157287864,110.81352824696144,111.05892737305888,110.97026512317491,110.61613491901001,110.79320002109246,110.79320002109246,111.00884405285554,110.70466747005123,0,1,fit,True,fit,True
Ampalaya,2024-05-26,112.51144170885703,112.21757157287864,112.70953013732795,112.5910266502295,111.26662077150611,111.9288237108678,111.9288237108678,112.15511939067547,111.9288237108678,0,0,fit,True,fit,True
Ampalaya,2024-06-02,114.09178169676431,112.51144170885703,112.38747461694797,112.7987651139318,111.94654786711357,112.37265649052267,112.15960217881812,112.5850794916959,112.15960217881812,1,1,fit,True,fit,True
Ampalaya,2024-06-09,114.93439226520228,114.09178169676431,114.44853936974897,114.17354185822259,113.91830118605264,114.04592152213762,114.04592152213762,113.95641647553155,114.04592152213762,0,0,fit,True,fit,True
Ampalaya,2024-06-16,114.01608759847088,114.93439226520228,115.34667079679392,115.34350350199425,114.34599976909327,114.84475163554376,114.84475163554376,114.83849559163278,114.84475163554376,0,0,fit,True,fit,True
Ampalaya,2024-06-23,115.07845368582218,114.01608759847088,113.04297687122077,113.45537867759306,113.73767436232967,113.59652651996137,113.59652651996137,113.30258520097257,113.59652651996137,0,0,fit,True,fit,True
Ampalaya,2024-06-30,112.72928469757105,115.07845368582218,114.33248593998094,114.29816263685885,114.78531914550274,114.5417408911808,114.5417408911808,114.31390683039264,114.5417408911808,0,0,fit,True,fit,True
Ampalaya,2024-07-07,114.24500978807023,112.72928469757105,110.9805717820907,111.8832402450781,112.45041185001398,112.16682604754604,112.30861894878001,112.03225253614039,112.30861894878001,1,1,fit,True,fit,True
Ampalaya,2024-07-14,113.87123892397037,114.24500978807023,114.14751241433768,113.10126208463872,113.84551907399705,113.47339057931788,113.47339057931788,113.64086297908909,113.47339057931788,0,0,fit,True,fit,True
Ampalaya,2024-07-21,111.3430279605348,113.87123892397037,113.98246674600648,113.75438020657514,113.42942262381663,113.59190141519588,113.59190141519588,113.61527102550548,113.59190141519588,0,0,fit,True,fit,True
Ampalaya,2024-07-28,109.86072326581964,111.3430279605348,109.34816826650109,109.69826768528712,110.62880260872434,110.16353514700573,110.16353514700573,110.11293193607968,110.16353514700573,0,0,fit,True,fit,True
Ampalaya,2024-08-04,106.83576022530303,109.86072326581964,106.87428924981457,107.15765621575135,108.52326382081995,107.84046001828565,107.84046001828565,107.92065788901701,107.84046001828565,0,0,fit,True,fit,True
Ampalaya,2024-08-11,105.40265413808396,106.83576022530303,104.09337611238078,103.98568428574161,105.713844288833,104.84976428728731,104.84976428728731,104.72746783476504,104.84976428728731,0,0,fit,True,fit,True
Ampalaya,2024-08-18,104.14437405884875,105.40265413808396,104.42920133643436,104.6395552753426,104.15469178247025,104.39712352890643,104.39712352890643,104.354425503203,104.39712352890643,0,0,fit,True,fit,True
Ampalaya,2024-08-25,104.61721164864936,104.14437405884875,103.79486502789999,103.80462759075883,103.40750788272037,103.60606773673959,103.60606773673959,103.68529247223802,103.60606773673959,0,0,fit,True,fit,True
Ampalaya,2024-09-01,104.27068568854722,104.61721164864936,104.77552223127478,104.9701722232617,104.71909300369659,104.84463261347915,104.84463261347915,104.48049482983257,104.84463261347915,0,0,fit,True,fit,True
Ampalaya,2024-09-08,104.56166111821904,104.27068568854722,104.00774357326368,103.73054814998366,103.82146485238465,103.77600650118416,103.79873567678439,103.59524899579989,103.79873567678439,1,1,fit,True,fit,True
Ampalaya,2024-09-15,104.55645716273956,104.56166111821904,104.29351530950737,104.14070373628898,104.38360548908486,104.26215461268691,104.26215461268691,104.0652618072894,104.26215461268691,0,0,fit,True,fit,True
Ampalaya,2024-09-22,103.97042176420172,104.55645716273956,104.34827002233192,104.54337474412803,103.89859849298172,104.22098661855487,104.22098661855487,104.17623932555942,104.0597925557683,0,1,fit,True,fit,True
Ampalaya,2024-09-29,104.74077420812252,103.97042176420172,103.57034719709631,103.40734430239942,103.2342312663265,103.32078778436296,103.32078778436296,103.16800126125925,103.32078778436296,0,0,fit,True,fit,True
Ampalaya,2024-10-06,104.15005959288908,104.74077420812252,105.01595626899736,105.14875634083066,104.67815221231582,104.91345427657325,104.79580324444453,104.57758695560972,104.79580324444453,1,1,fit,True,fit,True
Ampalaya,2024-10-13,104.09384286791844,104.15005959288908,104.28867357555195,104.50787460570388,104.13297975713147,104.32042718141767,104.32042718141767,104.35744531567636,104.32042718141767,0,0,fit,True,fit,True
Ampalaya,2024-10-20,104.7356455678866,104.09384286791844,104.13254406000682,103.80662830285715,104.06021392733616,103.93342111509665,103.93342111509665,103.91333006199821,103.93342111509665,0,0,fit,True,fit,True
Ampalaya,2024-10-27,106.34045199232378,104.7356455678866,105.26887496876657,105.23848247400245,104.46081498812892,104.84964873106568,104.84964873106568,104.92443841160625,104.65523185959731,0,1,fit,True,fit,True
Ampalaya,2024-11-03,106.71570110479313,106.34045199232378,108.09192462035027,108.00130540395045,106.40431778805532,107.20281159600289,107.20281159600289,107.08726270964415,107.20281159600289,0,0,fit,True,fit,True
